INFO:     Started server process [30177]
INFO:     Waiting for application startup.
2026-06-25 18:58:33 - app - INFO - Worker starting up (node_id=polimi-gpu)
2026-06-25 18:58:33 - reconcile - INFO - Reconciling job states for node polimi-gpu
INFO:     Application startup complete.
INFO:     Uvicorn running on http://0.0.0.0:8001 (Press CTRL+C to quit)
INFO:     127.0.0.1:52088 - "GET /health HTTP/1.1" 200 OK
INFO:     131.175.15.40:33872 - "GET /health HTTP/1.1" 200 OK
INFO:     131.175.15.40:33890 - "GET /health HTTP/1.1" 200 OK
INFO:     131.175.15.40:33898 - "POST /jobs/fe8f9043-1fc4-4a2d-9403-859ff64ec2ca/run HTTP/1.1" 202 Accepted
2026-06-25 19:00:47 - execution - INFO - GPU allocator: job fe8f9043 claims indices [0]
2026-06-25 19:00:47 - docker - INFO - docker rootless mode: True
2026-06-25 19:00:47 - execution - INFO - Starting job fe8f9043: docker run --rm --name ijm-fe8f9043 --device nvidia.com/gpu=0 --user 0:0 -e USER=root -e HOME=/tmp --dns 8.8.8.8 --dns 1.1.1.1 -v /home/wangrat/ijm/data/checkpoints/fe8f9043-1fc4-4a2d-9403-859ff64ec2ca/.profiling:/checkpoints -v /home/wangrat/ijm/data/runs/fe8f9043-1fc4-4a2d-9403-859ff64ec2ca:/runs -v /home/wangrat/ijm/data/datasets:/runs/data:ro -e OMP_NUM_THREADS=1 -e OPENBLAS_NUM_THREADS=1 -e MKL_NUM_THREADS=1 -e EPOCHS_TOTAL=3 wangrat/ijm-cnn_big:latest
2026-06-25 19:00:50 - execution - INFO - [Job fe8f9043] 2026-06-25 17:00:49 - __main__ - INFO - ============================================================
2026-06-25 19:00:50 - execution - INFO - [Job fe8f9043] 2026-06-25 17:00:49 - __main__ - INFO - Starting cnn_big v2 training (synthetic 128x128x3, deep CNN)
2026-06-25 19:00:50 - execution - INFO - [Job fe8f9043] 2026-06-25 17:00:49 - __main__ - INFO - ============================================================
2026-06-25 19:00:50 - execution - INFO - [Job fe8f9043] 2026-06-25 17:00:50 - base - INFO - Using device: cuda
2026-06-25 19:00:51 - execution - INFO - [Job fe8f9043] 2026-06-25 17:00:51 - base - INFO - No checkpoint found, starting from scratch
2026-06-25 19:00:51 - execution - INFO - [Job fe8f9043] 2026-06-25 17:00:51 - base - INFO - Config: epochs_total=3, batch_size=32
2026-06-25 19:00:51 - execution - INFO - [Job fe8f9043] 2026-06-25 17:00:51 - base - INFO - Starting training from epoch 0 to 3
2026-06-25 19:00:51 - execution - INFO - [Job fe8f9043] 2026-06-25 17:00:51 - base - INFO - Epoch 1/3 - starting
2026-06-25 19:00:56 - execution - INFO - [Job fe8f9043] 2026-06-25 17:00:56 - base - INFO - Epoch 1/3 - Loss: 2.331969 - Acc: 10.16% - 5.40s
2026-06-25 19:00:56 - execution - INFO - [Job fe8f9043] 2026-06-25 17:00:56 - base - INFO - Checkpoint saved at epoch 1
2026-06-25 19:00:56 - execution - INFO - [Job fe8f9043] 2026-06-25 17:00:56 - base - INFO - Epoch 2/3 - starting
2026-06-25 19:01:01 - execution - INFO - [Job fe8f9043] 2026-06-25 17:01:01 - base - INFO - Epoch 2/3 - Loss: 2.315365 - Acc: 11.13% - 5.07s
2026-06-25 19:01:07 - execution - INFO - [Job fe8f9043] 2026-06-25 17:01:07 - base - INFO - Checkpoint saved at epoch 2
2026-06-25 19:01:07 - execution - INFO - [Job fe8f9043] 2026-06-25 17:01:07 - base - INFO - Epoch 3/3 - starting
2026-06-25 19:01:12 - execution - INFO - [Job fe8f9043] 2026-06-25 17:01:12 - base - INFO - Epoch 3/3 - Loss: 2.319833 - Acc: 10.16% - 5.09s
2026-06-25 19:01:12 - execution - INFO - [Job fe8f9043] 2026-06-25 17:01:12 - base - INFO - Checkpoint saved at epoch 3
2026-06-25 19:01:12 - execution - INFO - [Job fe8f9043] 2026-06-25 17:01:12 - base - INFO - Training completed! Final epoch: 3
2026-06-25 19:01:18 - profiling - INFO - Profiling: warmup epoch excluded, mean=5.0800s/epoch over 2 sample(s)
2026-06-25 19:01:18 - profiling - INFO - Profile-complete fe8f9043: still_owes=True → is_profiling_run will be True
2026-06-25 19:01:19 - profiling - INFO - Profiling complete for job fe8f9043 (type=cnn_big): {'A40': 1} = 5.1s — reset to QUEUED
2026-06-25 19:01:19 - execution - INFO - GPU allocator: job fe8f9043 releases indices [0]
INFO:     131.175.15.40:33906 - "POST /jobs/fe8f9043-1fc4-4a2d-9403-859ff64ec2ca/run HTTP/1.1" 202 Accepted
2026-06-25 19:01:24 - execution - INFO - GPU allocator: job fe8f9043 claims indices [0, 1]
2026-06-25 19:01:24 - execution - INFO - Starting job fe8f9043: docker run --rm --name ijm-fe8f9043 --device nvidia.com/gpu=0 --device nvidia.com/gpu=1 --user 0:0 -e USER=root -e HOME=/tmp --dns 8.8.8.8 --dns 1.1.1.1 -v /home/wangrat/ijm/data/checkpoints/fe8f9043-1fc4-4a2d-9403-859ff64ec2ca/.profiling:/checkpoints -v /home/wangrat/ijm/data/runs/fe8f9043-1fc4-4a2d-9403-859ff64ec2ca:/runs -v /home/wangrat/ijm/data/datasets:/runs/data:ro -e OMP_NUM_THREADS=1 -e OPENBLAS_NUM_THREADS=1 -e MKL_NUM_THREADS=1 -e EPOCHS_TOTAL=3 wangrat/ijm-cnn_big:latest
2026-06-25 19:01:27 - execution - INFO - [Job fe8f9043] 2026-06-25 17:01:27 - __main__ - INFO - ============================================================
2026-06-25 19:01:27 - execution - INFO - [Job fe8f9043] 2026-06-25 17:01:27 - __main__ - INFO - Starting cnn_big v2 training (synthetic 128x128x3, deep CNN)
2026-06-25 19:01:27 - execution - INFO - [Job fe8f9043] 2026-06-25 17:01:27 - __main__ - INFO - ============================================================
2026-06-25 19:01:27 - execution - INFO - [Job fe8f9043] 2026-06-25 17:01:27 - base - INFO - Using device: cuda
2026-06-25 19:01:27 - execution - INFO - [Job fe8f9043] 2026-06-25 17:01:27 - base - INFO - Wrapping model in DataParallel across 2 GPUs
2026-06-25 19:01:28 - execution - INFO - [Job fe8f9043] 2026-06-25 17:01:28 - base - INFO - No checkpoint found, starting from scratch
2026-06-25 19:01:28 - execution - INFO - [Job fe8f9043] 2026-06-25 17:01:28 - base - INFO - Config: epochs_total=3, batch_size=32
2026-06-25 19:01:28 - execution - INFO - [Job fe8f9043] 2026-06-25 17:01:28 - base - INFO - Starting training from epoch 0 to 3
2026-06-25 19:01:28 - execution - INFO - [Job fe8f9043] 2026-06-25 17:01:28 - base - INFO - Epoch 1/3 - starting
2026-06-25 19:01:34 - execution - INFO - [Job fe8f9043] 2026-06-25 17:01:34 - base - INFO - Epoch 1/3 - Loss: 2.328011 - Acc: 8.79% - 5.28s
2026-06-25 19:01:34 - execution - INFO - [Job fe8f9043] 2026-06-25 17:01:34 - base - INFO - Checkpoint saved at epoch 1
2026-06-25 19:01:34 - execution - INFO - [Job fe8f9043] 2026-06-25 17:01:34 - base - INFO - Epoch 2/3 - starting
2026-06-25 19:01:38 - execution - INFO - [Job fe8f9043] 2026-06-25 17:01:38 - base - INFO - Epoch 2/3 - Loss: 2.318707 - Acc: 10.35% - 4.54s
2026-06-25 19:01:38 - execution - INFO - [Job fe8f9043] 2026-06-25 17:01:38 - base - INFO - Checkpoint saved at epoch 2
2026-06-25 19:01:38 - execution - INFO - [Job fe8f9043] 2026-06-25 17:01:38 - base - INFO - Epoch 3/3 - starting
2026-06-25 19:01:43 - execution - INFO - [Job fe8f9043] 2026-06-25 17:01:43 - base - INFO - Epoch 3/3 - Loss: 2.316630 - Acc: 9.18% - 4.57s
2026-06-25 19:01:43 - execution - INFO - [Job fe8f9043] 2026-06-25 17:01:43 - base - INFO - Checkpoint saved at epoch 3
2026-06-25 19:01:43 - execution - INFO - [Job fe8f9043] 2026-06-25 17:01:43 - base - INFO - Training completed! Final epoch: 3
2026-06-25 19:01:49 - profiling - INFO - Profiling: warmup epoch excluded, mean=4.5550s/epoch over 2 sample(s)
2026-06-25 19:01:49 - profiling - INFO - Profile-complete fe8f9043: still_owes=False → is_profiling_run will be False
2026-06-25 19:01:49 - profiling - INFO - Profiling complete for job fe8f9043 (type=cnn_big): {'A40': 2} = 4.6s — reset to QUEUED
2026-06-25 19:01:49 - execution - INFO - GPU allocator: job fe8f9043 releases indices [0, 1]
INFO:     131.175.15.40:33910 - "POST /jobs/15afd4f3-a404-4334-84c3-cd90821b7aee/run HTTP/1.1" 202 Accepted
INFO:     131.175.15.40:33912 - "POST /jobs/63cf0155-f90f-4165-a124-ca2ac9be4ff6/run HTTP/1.1" 202 Accepted
2026-06-25 19:01:55 - execution - INFO - GPU allocator: job 15afd4f3 claims indices [0]
2026-06-25 19:01:55 - execution - INFO - Starting job 15afd4f3: docker run --rm --name ijm-15afd4f3 --device nvidia.com/gpu=0 --user 0:0 -e USER=root -e HOME=/tmp --dns 8.8.8.8 --dns 1.1.1.1 -v /home/wangrat/ijm/data/checkpoints/15afd4f3-a404-4334-84c3-cd90821b7aee:/checkpoints -v /home/wangrat/ijm/data/runs/15afd4f3-a404-4334-84c3-cd90821b7aee:/runs -v /home/wangrat/ijm/data/datasets:/runs/data:ro -e OMP_NUM_THREADS=1 -e OPENBLAS_NUM_THREADS=1 -e MKL_NUM_THREADS=1 -e EPOCHS_TOTAL=25 wangrat/ijm-cnn_big:latest
2026-06-25 19:01:55 - execution - INFO - GPU allocator: job 63cf0155 claims indices [1]
2026-06-25 19:01:55 - execution - INFO - Starting job 63cf0155: docker run --rm --name ijm-63cf0155 --device nvidia.com/gpu=1 --user 0:0 -e USER=root -e HOME=/tmp --dns 8.8.8.8 --dns 1.1.1.1 -v /home/wangrat/ijm/data/checkpoints/63cf0155-f90f-4165-a124-ca2ac9be4ff6:/checkpoints -v /home/wangrat/ijm/data/runs/63cf0155-f90f-4165-a124-ca2ac9be4ff6:/runs -v /home/wangrat/ijm/data/datasets:/runs/data:ro -e OMP_NUM_THREADS=1 -e OPENBLAS_NUM_THREADS=1 -e MKL_NUM_THREADS=1 -e EPOCHS_TOTAL=50 wangrat/ijm-cnn_big:latest
2026-06-25 19:01:57 - execution - INFO - [Job 15afd4f3] 2026-06-25 17:01:57 - __main__ - INFO - ============================================================
2026-06-25 19:01:57 - execution - INFO - [Job 15afd4f3] 2026-06-25 17:01:57 - __main__ - INFO - Starting cnn_big v2 training (synthetic 128x128x3, deep CNN)
2026-06-25 19:01:57 - execution - INFO - [Job 15afd4f3] 2026-06-25 17:01:57 - __main__ - INFO - ============================================================
2026-06-25 19:01:57 - execution - INFO - [Job 15afd4f3] 2026-06-25 17:01:57 - base - INFO - Using device: cuda
2026-06-25 19:01:57 - execution - INFO - [Job 63cf0155] 2026-06-25 17:01:57 - __main__ - INFO - ============================================================
2026-06-25 19:01:57 - execution - INFO - [Job 63cf0155] 2026-06-25 17:01:57 - __main__ - INFO - Starting cnn_big v2 training (synthetic 128x128x3, deep CNN)
2026-06-25 19:01:57 - execution - INFO - [Job 63cf0155] 2026-06-25 17:01:57 - __main__ - INFO - ============================================================
2026-06-25 19:01:57 - execution - INFO - [Job 63cf0155] 2026-06-25 17:01:57 - base - INFO - Using device: cuda
2026-06-25 19:01:59 - execution - INFO - [Job 15afd4f3] 2026-06-25 17:01:59 - base - INFO - No checkpoint found, starting from scratch
2026-06-25 19:01:59 - execution - INFO - [Job 15afd4f3] 2026-06-25 17:01:59 - base - INFO - Config: epochs_total=25, batch_size=32
2026-06-25 19:01:59 - execution - INFO - [Job 15afd4f3] 2026-06-25 17:01:59 - base - INFO - Starting training from epoch 0 to 25
2026-06-25 19:01:59 - execution - INFO - [Job 15afd4f3] 2026-06-25 17:01:59 - base - INFO - Epoch 1/25 - starting
2026-06-25 19:01:59 - execution - INFO - [Job 63cf0155] 2026-06-25 17:01:59 - base - INFO - No checkpoint found, starting from scratch
2026-06-25 19:01:59 - execution - INFO - [Job 63cf0155] 2026-06-25 17:01:59 - base - INFO - Config: epochs_total=50, batch_size=32
2026-06-25 19:01:59 - execution - INFO - [Job 63cf0155] 2026-06-25 17:01:59 - base - INFO - Starting training from epoch 0 to 50
2026-06-25 19:01:59 - execution - INFO - [Job 63cf0155] 2026-06-25 17:01:59 - base - INFO - Epoch 1/50 - starting
2026-06-25 19:02:04 - execution - INFO - [Job 63cf0155] 2026-06-25 17:02:04 - base - INFO - Epoch 1/50 - Loss: 2.334106 - Acc: 9.77% - 5.37s
2026-06-25 19:02:04 - execution - INFO - [Job 15afd4f3] 2026-06-25 17:02:04 - base - INFO - Epoch 1/25 - Loss: 2.338519 - Acc: 12.50% - 5.40s
2026-06-25 19:02:04 - execution - INFO - [Job 63cf0155] 2026-06-25 17:02:04 - base - INFO - Checkpoint saved at epoch 1
2026-06-25 19:02:04 - execution - INFO - [Job 63cf0155] 2026-06-25 17:02:04 - base - INFO - Epoch 2/50 - starting
2026-06-25 19:02:04 - execution - INFO - [Job 15afd4f3] 2026-06-25 17:02:04 - base - INFO - Checkpoint saved at epoch 1
2026-06-25 19:02:04 - execution - INFO - [Job 15afd4f3] 2026-06-25 17:02:04 - base - INFO - Epoch 2/25 - starting
2026-06-25 19:02:09 - execution - INFO - [Job 63cf0155] 2026-06-25 17:02:09 - base - INFO - Epoch 2/50 - Loss: 2.321028 - Acc: 10.16% - 5.07s
2026-06-25 19:02:09 - execution - INFO - [Job 15afd4f3] 2026-06-25 17:02:09 - base - INFO - Epoch 2/25 - Loss: 2.314951 - Acc: 10.35% - 5.07s
2026-06-25 19:02:15 - execution - INFO - [Job 63cf0155] 2026-06-25 17:02:15 - base - INFO - Checkpoint saved at epoch 2
2026-06-25 19:02:15 - execution - INFO - [Job 63cf0155] 2026-06-25 17:02:15 - base - INFO - Epoch 3/50 - starting
2026-06-25 19:02:15 - execution - INFO - [Job 15afd4f3] 2026-06-25 17:02:15 - base - INFO - Checkpoint saved at epoch 2
2026-06-25 19:02:15 - execution - INFO - [Job 15afd4f3] 2026-06-25 17:02:15 - base - INFO - Epoch 3/25 - starting
2026-06-25 19:02:20 - execution - INFO - [Job 63cf0155] 2026-06-25 17:02:20 - base - INFO - Epoch 3/50 - Loss: 2.309473 - Acc: 9.77% - 5.06s
2026-06-25 19:02:20 - execution - INFO - [Job 15afd4f3] 2026-06-25 17:02:20 - base - INFO - Epoch 3/25 - Loss: 2.311701 - Acc: 8.79% - 5.08s
2026-06-25 19:02:20 - execution - INFO - [Job 15afd4f3] 2026-06-25 17:02:20 - base - INFO - Checkpoint saved at epoch 3
2026-06-25 19:02:20 - execution - INFO - [Job 15afd4f3] 2026-06-25 17:02:20 - base - INFO - Epoch 4/25 - starting
2026-06-25 19:02:20 - execution - INFO - [Job 63cf0155] 2026-06-25 17:02:20 - base - INFO - Checkpoint saved at epoch 3
2026-06-25 19:02:20 - execution - INFO - [Job 63cf0155] 2026-06-25 17:02:20 - base - INFO - Epoch 4/50 - starting
2026-06-25 19:02:25 - execution - INFO - [Job 15afd4f3] 2026-06-25 17:02:25 - base - INFO - Epoch 4/25 - Loss: 2.289545 - Acc: 9.77% - 5.06s
2026-06-25 19:02:25 - execution - INFO - [Job 63cf0155] 2026-06-25 17:02:25 - base - INFO - Epoch 4/50 - Loss: 2.288444 - Acc: 8.79% - 5.06s
2026-06-25 19:02:26 - execution - INFO - [Job 15afd4f3] 2026-06-25 17:02:26 - base - INFO - Checkpoint saved at epoch 4
2026-06-25 19:02:26 - execution - INFO - [Job 15afd4f3] 2026-06-25 17:02:26 - base - INFO - Epoch 5/25 - starting
2026-06-25 19:02:26 - execution - INFO - [Job 63cf0155] 2026-06-25 17:02:26 - base - INFO - Checkpoint saved at epoch 4
2026-06-25 19:02:26 - execution - INFO - [Job 63cf0155] 2026-06-25 17:02:26 - base - INFO - Epoch 5/50 - starting
2026-06-25 19:02:31 - execution - INFO - [Job 15afd4f3] 2026-06-25 17:02:31 - base - INFO - Epoch 5/25 - Loss: 2.249656 - Acc: 10.16% - 5.07s
2026-06-25 19:02:31 - execution - INFO - [Job 63cf0155] 2026-06-25 17:02:31 - base - INFO - Epoch 5/50 - Loss: 2.250641 - Acc: 10.16% - 5.05s
2026-06-25 19:02:31 - execution - INFO - [Job 15afd4f3] 2026-06-25 17:02:31 - base - INFO - Checkpoint saved at epoch 5
2026-06-25 19:02:31 - execution - INFO - [Job 15afd4f3] 2026-06-25 17:02:31 - base - INFO - Epoch 6/25 - starting
2026-06-25 19:02:31 - execution - INFO - [Job 63cf0155] 2026-06-25 17:02:31 - base - INFO - Checkpoint saved at epoch 5
2026-06-25 19:02:31 - execution - INFO - [Job 63cf0155] 2026-06-25 17:02:31 - base - INFO - Epoch 6/50 - starting
2026-06-25 19:02:36 - execution - INFO - [Job 15afd4f3] 2026-06-25 17:02:36 - base - INFO - Epoch 6/25 - Loss: 2.147258 - Acc: 9.96% - 5.07s
2026-06-25 19:02:36 - execution - INFO - [Job 63cf0155] 2026-06-25 17:02:36 - base - INFO - Epoch 6/50 - Loss: 2.121301 - Acc: 9.57% - 5.07s
2026-06-25 19:02:37 - execution - INFO - [Job 63cf0155] 2026-06-25 17:02:37 - base - INFO - Checkpoint saved at epoch 6
2026-06-25 19:02:37 - execution - INFO - [Job 63cf0155] 2026-06-25 17:02:37 - base - INFO - Epoch 7/50 - starting
2026-06-25 19:02:37 - execution - INFO - [Job 15afd4f3] 2026-06-25 17:02:37 - base - INFO - Checkpoint saved at epoch 6
2026-06-25 19:02:37 - execution - INFO - [Job 15afd4f3] 2026-06-25 17:02:37 - base - INFO - Epoch 7/25 - starting
2026-06-25 19:02:42 - execution - INFO - [Job 63cf0155] 2026-06-25 17:02:42 - base - INFO - Epoch 7/50 - Loss: 1.869485 - Acc: 9.18% - 5.07s
2026-06-25 19:02:42 - execution - INFO - [Job 15afd4f3] 2026-06-25 17:02:42 - base - INFO - Epoch 7/25 - Loss: 1.906089 - Acc: 9.77% - 5.07s
2026-06-25 19:02:42 - execution - INFO - [Job 63cf0155] 2026-06-25 17:02:42 - base - INFO - Checkpoint saved at epoch 7
2026-06-25 19:02:42 - execution - INFO - [Job 63cf0155] 2026-06-25 17:02:42 - base - INFO - Epoch 8/50 - starting
2026-06-25 19:02:42 - execution - INFO - [Job 15afd4f3] 2026-06-25 17:02:42 - base - INFO - Checkpoint saved at epoch 7
2026-06-25 19:02:42 - execution - INFO - [Job 15afd4f3] 2026-06-25 17:02:42 - base - INFO - Epoch 8/25 - starting
2026-06-25 19:02:47 - execution - INFO - [Job 63cf0155] 2026-06-25 17:02:47 - base - INFO - Epoch 8/50 - Loss: 1.577152 - Acc: 9.96% - 5.07s
2026-06-25 19:02:47 - execution - INFO - [Job 15afd4f3] 2026-06-25 17:02:47 - base - INFO - Epoch 8/25 - Loss: 1.570116 - Acc: 9.96% - 5.06s
2026-06-25 19:02:47 - execution - INFO - [Job 63cf0155] 2026-06-25 17:02:47 - base - INFO - Checkpoint saved at epoch 8
2026-06-25 19:02:47 - execution - INFO - [Job 63cf0155] 2026-06-25 17:02:47 - base - INFO - Epoch 9/50 - starting
2026-06-25 19:02:47 - execution - INFO - [Job 15afd4f3] 2026-06-25 17:02:47 - base - INFO - Checkpoint saved at epoch 8
2026-06-25 19:02:47 - execution - INFO - [Job 15afd4f3] 2026-06-25 17:02:47 - base - INFO - Epoch 9/25 - starting
2026-06-25 19:02:53 - execution - INFO - [Job 63cf0155] 2026-06-25 17:02:53 - base - INFO - Epoch 9/50 - Loss: 1.258843 - Acc: 10.35% - 5.06s
2026-06-25 19:02:53 - execution - INFO - [Job 15afd4f3] 2026-06-25 17:02:53 - base - INFO - Epoch 9/25 - Loss: 1.241239 - Acc: 9.96% - 5.06s
2026-06-25 19:02:53 - execution - INFO - [Job 15afd4f3] 2026-06-25 17:02:53 - base - INFO - Checkpoint saved at epoch 9
2026-06-25 19:02:53 - execution - INFO - [Job 15afd4f3] 2026-06-25 17:02:53 - base - INFO - Epoch 10/25 - starting
2026-06-25 19:02:53 - execution - INFO - [Job 63cf0155] 2026-06-25 17:02:53 - base - INFO - Checkpoint saved at epoch 9
2026-06-25 19:02:53 - execution - INFO - [Job 63cf0155] 2026-06-25 17:02:53 - base - INFO - Epoch 10/50 - starting
2026-06-25 19:02:58 - execution - INFO - [Job 15afd4f3] 2026-06-25 17:02:58 - base - INFO - Epoch 10/25 - Loss: 0.866635 - Acc: 10.94% - 5.07s
2026-06-25 19:02:58 - execution - INFO - [Job 63cf0155] 2026-06-25 17:02:58 - base - INFO - Epoch 10/50 - Loss: 0.990390 - Acc: 8.01% - 5.09s
2026-06-25 19:02:58 - execution - INFO - [Job 63cf0155] 2026-06-25 17:02:58 - base - INFO - Checkpoint saved at epoch 10
2026-06-25 19:02:58 - execution - INFO - [Job 63cf0155] 2026-06-25 17:02:58 - base - INFO - Epoch 11/50 - starting
2026-06-25 19:02:58 - execution - INFO - [Job 15afd4f3] 2026-06-25 17:02:58 - base - INFO - Checkpoint saved at epoch 10
2026-06-25 19:02:58 - execution - INFO - [Job 15afd4f3] 2026-06-25 17:02:58 - base - INFO - Epoch 11/25 - starting
2026-06-25 19:03:04 - execution - INFO - [Job 15afd4f3] 2026-06-25 17:03:04 - base - INFO - Epoch 11/25 - Loss: 0.697019 - Acc: 8.59% - 5.07s
2026-06-25 19:03:04 - execution - INFO - [Job 63cf0155] 2026-06-25 17:03:04 - base - INFO - Epoch 11/50 - Loss: 0.748108 - Acc: 9.38% - 5.08s
2026-06-25 19:03:04 - execution - INFO - [Job 63cf0155] 2026-06-25 17:03:04 - base - INFO - Checkpoint saved at epoch 11
2026-06-25 19:03:04 - execution - INFO - [Job 63cf0155] 2026-06-25 17:03:04 - base - INFO - Epoch 12/50 - starting
2026-06-25 19:03:04 - execution - INFO - [Job 15afd4f3] 2026-06-25 17:03:04 - base - INFO - Checkpoint saved at epoch 11
2026-06-25 19:03:04 - execution - INFO - [Job 15afd4f3] 2026-06-25 17:03:04 - base - INFO - Epoch 12/25 - starting
2026-06-25 19:03:09 - execution - INFO - [Job 63cf0155] 2026-06-25 17:03:09 - base - INFO - Epoch 12/50 - Loss: 0.575773 - Acc: 10.55% - 5.08s
2026-06-25 19:03:09 - execution - INFO - [Job 15afd4f3] 2026-06-25 17:03:09 - base - INFO - Epoch 12/25 - Loss: 0.454175 - Acc: 10.55% - 5.06s
2026-06-25 19:03:09 - execution - INFO - [Job 63cf0155] 2026-06-25 17:03:09 - base - INFO - Checkpoint saved at epoch 12
2026-06-25 19:03:09 - execution - INFO - [Job 63cf0155] 2026-06-25 17:03:09 - base - INFO - Epoch 13/50 - starting
2026-06-25 19:03:09 - execution - INFO - [Job 15afd4f3] 2026-06-25 17:03:09 - base - INFO - Checkpoint saved at epoch 12
2026-06-25 19:03:09 - execution - INFO - [Job 15afd4f3] 2026-06-25 17:03:09 - base - INFO - Epoch 13/25 - starting
2026-06-25 19:03:14 - execution - INFO - [Job 63cf0155] 2026-06-25 17:03:14 - base - INFO - Epoch 13/50 - Loss: 0.454844 - Acc: 9.57% - 5.08s
2026-06-25 19:03:14 - execution - INFO - [Job 15afd4f3] 2026-06-25 17:03:14 - base - INFO - Epoch 13/25 - Loss: 0.266213 - Acc: 11.33% - 5.06s
2026-06-25 19:03:15 - execution - INFO - [Job 63cf0155] 2026-06-25 17:03:15 - base - INFO - Checkpoint saved at epoch 13
2026-06-25 19:03:15 - execution - INFO - [Job 63cf0155] 2026-06-25 17:03:15 - base - INFO - Epoch 14/50 - starting
2026-06-25 19:03:15 - execution - INFO - [Job 15afd4f3] 2026-06-25 17:03:15 - base - INFO - Checkpoint saved at epoch 13
2026-06-25 19:03:15 - execution - INFO - [Job 15afd4f3] 2026-06-25 17:03:15 - base - INFO - Epoch 14/25 - starting
2026-06-25 19:03:20 - execution - INFO - [Job 63cf0155] 2026-06-25 17:03:20 - base - INFO - Epoch 14/50 - Loss: 0.302874 - Acc: 10.35% - 5.10s
2026-06-25 19:03:20 - execution - INFO - [Job 15afd4f3] 2026-06-25 17:03:20 - base - INFO - Epoch 14/25 - Loss: 0.186546 - Acc: 10.55% - 5.09s
2026-06-25 19:03:20 - execution - INFO - [Job 63cf0155] 2026-06-25 17:03:20 - base - INFO - Checkpoint saved at epoch 14
2026-06-25 19:03:20 - execution - INFO - [Job 63cf0155] 2026-06-25 17:03:20 - base - INFO - Epoch 15/50 - starting
2026-06-25 19:03:20 - execution - INFO - [Job 15afd4f3] 2026-06-25 17:03:20 - base - INFO - Checkpoint saved at epoch 14
2026-06-25 19:03:20 - execution - INFO - [Job 15afd4f3] 2026-06-25 17:03:20 - base - INFO - Epoch 15/25 - starting
2026-06-25 19:03:25 - execution - INFO - [Job 63cf0155] 2026-06-25 17:03:25 - base - INFO - Epoch 15/50 - Loss: 0.260612 - Acc: 10.35% - 5.08s
2026-06-25 19:03:25 - execution - INFO - [Job 15afd4f3] 2026-06-25 17:03:25 - base - INFO - Epoch 15/25 - Loss: 0.175736 - Acc: 13.48% - 5.08s
2026-06-25 19:03:26 - execution - INFO - [Job 63cf0155] 2026-06-25 17:03:26 - base - INFO - Checkpoint saved at epoch 15
2026-06-25 19:03:26 - execution - INFO - [Job 63cf0155] 2026-06-25 17:03:26 - base - INFO - Epoch 16/50 - starting
2026-06-25 19:03:26 - execution - INFO - [Job 15afd4f3] 2026-06-25 17:03:26 - base - INFO - Checkpoint saved at epoch 15
2026-06-25 19:03:26 - execution - INFO - [Job 15afd4f3] 2026-06-25 17:03:26 - base - INFO - Epoch 16/25 - starting
2026-06-25 19:03:31 - execution - INFO - [Job 63cf0155] 2026-06-25 17:03:31 - base - INFO - Epoch 16/50 - Loss: 0.226116 - Acc: 10.74% - 5.09s
2026-06-25 19:03:31 - execution - INFO - [Job 15afd4f3] 2026-06-25 17:03:31 - base - INFO - Epoch 16/25 - Loss: 0.212765 - Acc: 12.50% - 5.07s
2026-06-25 19:03:31 - execution - INFO - [Job 63cf0155] 2026-06-25 17:03:31 - base - INFO - Checkpoint saved at epoch 16
2026-06-25 19:03:31 - execution - INFO - [Job 63cf0155] 2026-06-25 17:03:31 - base - INFO - Epoch 17/50 - starting
2026-06-25 19:03:31 - execution - INFO - [Job 15afd4f3] 2026-06-25 17:03:31 - base - INFO - Checkpoint saved at epoch 16
2026-06-25 19:03:31 - execution - INFO - [Job 15afd4f3] 2026-06-25 17:03:31 - base - INFO - Epoch 17/25 - starting
2026-06-25 19:03:36 - execution - INFO - [Job 63cf0155] 2026-06-25 17:03:36 - base - INFO - Epoch 17/50 - Loss: 0.209996 - Acc: 10.94% - 5.08s
2026-06-25 19:03:36 - execution - INFO - [Job 15afd4f3] 2026-06-25 17:03:36 - base - INFO - Epoch 17/25 - Loss: 0.217765 - Acc: 10.16% - 5.07s
2026-06-25 19:03:37 - execution - INFO - [Job 63cf0155] 2026-06-25 17:03:37 - base - INFO - Checkpoint saved at epoch 17
2026-06-25 19:03:37 - execution - INFO - [Job 63cf0155] 2026-06-25 17:03:37 - base - INFO - Epoch 18/50 - starting
2026-06-25 19:03:37 - execution - INFO - [Job 15afd4f3] 2026-06-25 17:03:37 - base - INFO - Checkpoint saved at epoch 17
2026-06-25 19:03:37 - execution - INFO - [Job 15afd4f3] 2026-06-25 17:03:37 - base - INFO - Epoch 18/25 - starting
2026-06-25 19:03:42 - execution - INFO - [Job 63cf0155] 2026-06-25 17:03:42 - base - INFO - Epoch 18/50 - Loss: 0.193605 - Acc: 11.33% - 5.09s
2026-06-25 19:03:42 - execution - INFO - [Job 15afd4f3] 2026-06-25 17:03:42 - base - INFO - Epoch 18/25 - Loss: 0.194901 - Acc: 10.55% - 5.07s
2026-06-25 19:03:42 - execution - INFO - [Job 63cf0155] 2026-06-25 17:03:42 - base - INFO - Checkpoint saved at epoch 18
2026-06-25 19:03:42 - execution - INFO - [Job 63cf0155] 2026-06-25 17:03:42 - base - INFO - Epoch 19/50 - starting
2026-06-25 19:03:42 - execution - INFO - [Job 15afd4f3] 2026-06-25 17:03:42 - base - INFO - Checkpoint saved at epoch 18
2026-06-25 19:03:42 - execution - INFO - [Job 15afd4f3] 2026-06-25 17:03:42 - base - INFO - Epoch 19/25 - starting
2026-06-25 19:03:47 - execution - INFO - [Job 63cf0155] 2026-06-25 17:03:47 - base - INFO - Epoch 19/50 - Loss: 0.181669 - Acc: 9.18% - 5.09s
2026-06-25 19:03:47 - execution - INFO - [Job 15afd4f3] 2026-06-25 17:03:47 - base - INFO - Epoch 19/25 - Loss: 0.175258 - Acc: 9.57% - 5.08s
2026-06-25 19:03:48 - execution - INFO - [Job 63cf0155] 2026-06-25 17:03:48 - base - INFO - Checkpoint saved at epoch 19
2026-06-25 19:03:48 - execution - INFO - [Job 63cf0155] 2026-06-25 17:03:48 - base - INFO - Epoch 20/50 - starting
2026-06-25 19:03:48 - execution - INFO - [Job 15afd4f3] 2026-06-25 17:03:48 - base - INFO - Checkpoint saved at epoch 19
2026-06-25 19:03:48 - execution - INFO - [Job 15afd4f3] 2026-06-25 17:03:48 - base - INFO - Epoch 20/25 - starting
2026-06-25 19:03:53 - execution - INFO - [Job 63cf0155] 2026-06-25 17:03:53 - base - INFO - Epoch 20/50 - Loss: 0.169178 - Acc: 12.70% - 5.09s
2026-06-25 19:03:53 - execution - INFO - [Job 15afd4f3] 2026-06-25 17:03:53 - base - INFO - Epoch 20/25 - Loss: 0.123914 - Acc: 9.77% - 5.07s
2026-06-25 19:03:53 - execution - INFO - [Job 63cf0155] 2026-06-25 17:03:53 - base - INFO - Checkpoint saved at epoch 20
2026-06-25 19:03:53 - execution - INFO - [Job 63cf0155] 2026-06-25 17:03:53 - base - INFO - Epoch 21/50 - starting
2026-06-25 19:03:53 - execution - INFO - [Job 15afd4f3] 2026-06-25 17:03:53 - base - INFO - Checkpoint saved at epoch 20
2026-06-25 19:03:53 - execution - INFO - [Job 15afd4f3] 2026-06-25 17:03:53 - base - INFO - Epoch 21/25 - starting
2026-06-25 19:03:58 - execution - INFO - [Job 63cf0155] 2026-06-25 17:03:58 - base - INFO - Epoch 21/50 - Loss: 0.127027 - Acc: 11.33% - 5.10s
2026-06-25 19:03:58 - execution - INFO - [Job 15afd4f3] 2026-06-25 17:03:58 - base - INFO - Epoch 21/25 - Loss: 0.088346 - Acc: 12.70% - 5.10s
2026-06-25 19:03:59 - execution - INFO - [Job 63cf0155] 2026-06-25 17:03:59 - base - INFO - Checkpoint saved at epoch 21
2026-06-25 19:03:59 - execution - INFO - [Job 63cf0155] 2026-06-25 17:03:59 - base - INFO - Epoch 22/50 - starting
2026-06-25 19:03:59 - execution - INFO - [Job 15afd4f3] 2026-06-25 17:03:59 - base - INFO - Checkpoint saved at epoch 21
2026-06-25 19:03:59 - execution - INFO - [Job 15afd4f3] 2026-06-25 17:03:59 - base - INFO - Epoch 22/25 - starting
2026-06-25 19:04:04 - execution - INFO - [Job 63cf0155] 2026-06-25 17:04:04 - base - INFO - Epoch 22/50 - Loss: 0.116216 - Acc: 10.16% - 5.10s
2026-06-25 19:04:04 - execution - INFO - [Job 15afd4f3] 2026-06-25 17:04:04 - base - INFO - Epoch 22/25 - Loss: 0.058871 - Acc: 9.77% - 5.07s
2026-06-25 19:04:04 - execution - INFO - [Job 63cf0155] 2026-06-25 17:04:04 - base - INFO - Checkpoint saved at epoch 22
2026-06-25 19:04:04 - execution - INFO - [Job 63cf0155] 2026-06-25 17:04:04 - base - INFO - Epoch 23/50 - starting
2026-06-25 19:04:04 - execution - INFO - [Job 15afd4f3] 2026-06-25 17:04:04 - base - INFO - Checkpoint saved at epoch 22
2026-06-25 19:04:04 - execution - INFO - [Job 15afd4f3] 2026-06-25 17:04:04 - base - INFO - Epoch 23/25 - starting
2026-06-25 19:04:09 - execution - INFO - [Job 63cf0155] 2026-06-25 17:04:09 - base - INFO - Epoch 23/50 - Loss: 0.136242 - Acc: 9.96% - 5.10s
2026-06-25 19:04:09 - execution - INFO - [Job 15afd4f3] 2026-06-25 17:04:09 - base - INFO - Epoch 23/25 - Loss: 0.092442 - Acc: 10.74% - 5.07s
2026-06-25 19:04:09 - execution - INFO - [Job 63cf0155] 2026-06-25 17:04:09 - base - INFO - Checkpoint saved at epoch 23
2026-06-25 19:04:09 - execution - INFO - [Job 63cf0155] 2026-06-25 17:04:09 - base - INFO - Epoch 24/50 - starting
2026-06-25 19:04:10 - execution - INFO - [Job 15afd4f3] 2026-06-25 17:04:10 - base - INFO - Checkpoint saved at epoch 23
2026-06-25 19:04:10 - execution - INFO - [Job 15afd4f3] 2026-06-25 17:04:10 - base - INFO - Epoch 24/25 - starting
2026-06-25 19:04:15 - execution - INFO - [Job 63cf0155] 2026-06-25 17:04:15 - base - INFO - Epoch 24/50 - Loss: 0.107745 - Acc: 8.40% - 5.09s
2026-06-25 19:04:15 - execution - INFO - [Job 15afd4f3] 2026-06-25 17:04:15 - base - INFO - Epoch 24/25 - Loss: 0.124373 - Acc: 8.59% - 5.08s
2026-06-25 19:04:15 - execution - INFO - [Job 63cf0155] 2026-06-25 17:04:15 - base - INFO - Checkpoint saved at epoch 24
2026-06-25 19:04:15 - execution - INFO - [Job 63cf0155] 2026-06-25 17:04:15 - base - INFO - Epoch 25/50 - starting
2026-06-25 19:04:15 - execution - INFO - [Job 15afd4f3] 2026-06-25 17:04:15 - base - INFO - Checkpoint saved at epoch 24
2026-06-25 19:04:15 - execution - INFO - [Job 15afd4f3] 2026-06-25 17:04:15 - base - INFO - Epoch 25/25 - starting
2026-06-25 19:04:20 - execution - INFO - [Job 63cf0155] 2026-06-25 17:04:20 - base - INFO - Epoch 25/50 - Loss: 0.104877 - Acc: 11.52% - 5.10s
2026-06-25 19:04:20 - execution - INFO - [Job 15afd4f3] 2026-06-25 17:04:20 - base - INFO - Epoch 25/25 - Loss: 0.148692 - Acc: 10.35% - 5.06s
2026-06-25 19:04:20 - execution - INFO - [Job 63cf0155] 2026-06-25 17:04:20 - base - INFO - Checkpoint saved at epoch 25
2026-06-25 19:04:20 - execution - INFO - [Job 63cf0155] 2026-06-25 17:04:20 - base - INFO - Epoch 26/50 - starting
2026-06-25 19:04:20 - execution - INFO - [Job 15afd4f3] 2026-06-25 17:04:20 - base - INFO - Checkpoint saved at epoch 25
2026-06-25 19:04:20 - execution - INFO - [Job 15afd4f3] 2026-06-25 17:04:20 - base - INFO - Training completed! Final epoch: 25
2026-06-25 19:04:25 - execution - INFO - [Job 63cf0155] 2026-06-25 17:04:25 - base - INFO - Epoch 26/50 - Loss: 0.117283 - Acc: 9.18% - 5.07s
2026-06-25 19:04:26 - execution - INFO - [Job 63cf0155] 2026-06-25 17:04:26 - base - INFO - Checkpoint saved at epoch 26
2026-06-25 19:04:26 - execution - INFO - [Job 63cf0155] 2026-06-25 17:04:26 - base - INFO - Epoch 27/50 - starting
2026-06-25 19:04:27 - execution - INFO - Job 15afd4f3 completed successfully
2026-06-25 19:04:27 - execution - INFO - GPU allocator: job 15afd4f3 releases indices [0]
INFO:     131.175.15.40:33934 - "POST /jobs/fe8f9043-1fc4-4a2d-9403-859ff64ec2ca/run HTTP/1.1" 202 Accepted
2026-06-25 19:04:31 - execution - INFO - [Job 63cf0155] 2026-06-25 17:04:31 - base - INFO - Epoch 27/50 - Loss: 0.159623 - Acc: 10.35% - 5.07s
2026-06-25 19:04:31 - execution - INFO - [Job 63cf0155] 2026-06-25 17:04:31 - base - INFO - Checkpoint saved at epoch 27
2026-06-25 19:04:31 - execution - INFO - [Job 63cf0155] 2026-06-25 17:04:31 - base - INFO - Epoch 28/50 - starting
2026-06-25 19:04:32 - execution - INFO - GPU allocator: job fe8f9043 claims indices [0]
2026-06-25 19:04:32 - execution - INFO - Starting job fe8f9043: docker run --rm --name ijm-fe8f9043 --device nvidia.com/gpu=0 --user 0:0 -e USER=root -e HOME=/tmp --dns 8.8.8.8 --dns 1.1.1.1 -v /home/wangrat/ijm/data/checkpoints/fe8f9043-1fc4-4a2d-9403-859ff64ec2ca:/checkpoints -v /home/wangrat/ijm/data/runs/fe8f9043-1fc4-4a2d-9403-859ff64ec2ca:/runs -v /home/wangrat/ijm/data/datasets:/runs/data:ro -e OMP_NUM_THREADS=1 -e OPENBLAS_NUM_THREADS=1 -e MKL_NUM_THREADS=1 -e EPOCHS_TOTAL=75 wangrat/ijm-cnn_big:latest
2026-06-25 19:04:35 - execution - INFO - [Job fe8f9043] 2026-06-25 17:04:35 - __main__ - INFO - ============================================================
2026-06-25 19:04:35 - execution - INFO - [Job fe8f9043] 2026-06-25 17:04:35 - __main__ - INFO - Starting cnn_big v2 training (synthetic 128x128x3, deep CNN)
2026-06-25 19:04:35 - execution - INFO - [Job fe8f9043] 2026-06-25 17:04:35 - __main__ - INFO - ============================================================
2026-06-25 19:04:35 - execution - INFO - [Job fe8f9043] 2026-06-25 17:04:35 - base - INFO - Using device: cuda
2026-06-25 19:04:36 - execution - INFO - [Job 63cf0155] 2026-06-25 17:04:36 - base - INFO - Epoch 28/50 - Loss: 0.162544 - Acc: 8.59% - 5.12s
2026-06-25 19:04:36 - execution - INFO - [Job fe8f9043] 2026-06-25 17:04:36 - base - INFO - No checkpoint found, starting from scratch
2026-06-25 19:04:36 - execution - INFO - [Job fe8f9043] 2026-06-25 17:04:36 - base - INFO - Config: epochs_total=75, batch_size=32
2026-06-25 19:04:36 - execution - INFO - [Job fe8f9043] 2026-06-25 17:04:36 - base - INFO - Starting training from epoch 0 to 75
2026-06-25 19:04:36 - execution - INFO - [Job fe8f9043] 2026-06-25 17:04:36 - base - INFO - Epoch 1/75 - starting
2026-06-25 19:04:36 - execution - INFO - [Job 63cf0155] 2026-06-25 17:04:36 - base - INFO - Checkpoint saved at epoch 28
2026-06-25 19:04:36 - execution - INFO - [Job 63cf0155] 2026-06-25 17:04:36 - base - INFO - Epoch 29/50 - starting
2026-06-25 19:04:41 - execution - INFO - [Job 63cf0155] 2026-06-25 17:04:41 - base - INFO - Epoch 29/50 - Loss: 0.133146 - Acc: 11.91% - 5.10s
2026-06-25 19:04:42 - execution - INFO - [Job 63cf0155] 2026-06-25 17:04:42 - base - INFO - Checkpoint saved at epoch 29
2026-06-25 19:04:42 - execution - INFO - [Job 63cf0155] 2026-06-25 17:04:42 - base - INFO - Epoch 30/50 - starting
2026-06-25 19:04:42 - execution - INFO - [Job fe8f9043] 2026-06-25 17:04:42 - base - INFO - Epoch 1/75 - Loss: 2.331067 - Acc: 9.18% - 5.37s
2026-06-25 19:04:42 - execution - INFO - [Job fe8f9043] 2026-06-25 17:04:42 - base - INFO - Checkpoint saved at epoch 1
2026-06-25 19:04:42 - execution - INFO - [Job fe8f9043] 2026-06-25 17:04:42 - base - INFO - Epoch 2/75 - starting
2026-06-25 19:04:47 - execution - INFO - [Job 63cf0155] 2026-06-25 17:04:47 - base - INFO - Epoch 30/50 - Loss: 0.091350 - Acc: 9.77% - 5.10s
2026-06-25 19:04:47 - execution - INFO - [Job fe8f9043] 2026-06-25 17:04:47 - base - INFO - Epoch 2/75 - Loss: 2.314420 - Acc: 8.79% - 5.04s
2026-06-25 19:04:47 - execution - INFO - [Job 63cf0155] 2026-06-25 17:04:47 - base - INFO - Checkpoint saved at epoch 30
2026-06-25 19:04:47 - execution - INFO - [Job 63cf0155] 2026-06-25 17:04:47 - base - INFO - Epoch 31/50 - starting
2026-06-25 19:04:47 - execution - INFO - [Job fe8f9043] 2026-06-25 17:04:47 - base - INFO - Checkpoint saved at epoch 2
2026-06-25 19:04:47 - execution - INFO - [Job fe8f9043] 2026-06-25 17:04:47 - base - INFO - Epoch 3/75 - starting
2026-06-25 19:04:52 - execution - INFO - [Job 63cf0155] 2026-06-25 17:04:52 - base - INFO - Epoch 31/50 - Loss: 0.068671 - Acc: 10.94% - 5.10s
2026-06-25 19:04:52 - execution - INFO - [Job fe8f9043] 2026-06-25 17:04:52 - base - INFO - Epoch 3/75 - Loss: 2.317418 - Acc: 10.35% - 5.17s
2026-06-25 19:04:52 - execution - INFO - [Job 63cf0155] 2026-06-25 17:04:52 - base - INFO - Checkpoint saved at epoch 31
2026-06-25 19:04:52 - execution - INFO - [Job 63cf0155] 2026-06-25 17:04:52 - base - INFO - Epoch 32/50 - starting
2026-06-25 19:04:52 - execution - INFO - [Job fe8f9043] 2026-06-25 17:04:52 - base - INFO - Checkpoint saved at epoch 3
2026-06-25 19:04:52 - execution - INFO - [Job fe8f9043] 2026-06-25 17:04:52 - base - INFO - Epoch 4/75 - starting
2026-06-25 19:04:57 - execution - INFO - [Job 63cf0155] 2026-06-25 17:04:57 - base - INFO - Epoch 32/50 - Loss: 0.053981 - Acc: 11.13% - 5.09s
2026-06-25 19:04:58 - execution - INFO - [Job fe8f9043] 2026-06-25 17:04:58 - base - INFO - Epoch 4/75 - Loss: 2.297002 - Acc: 10.35% - 5.17s
2026-06-25 19:04:58 - execution - INFO - [Job 63cf0155] 2026-06-25 17:04:58 - base - INFO - Checkpoint saved at epoch 32
2026-06-25 19:04:58 - execution - INFO - [Job 63cf0155] 2026-06-25 17:04:58 - base - INFO - Epoch 33/50 - starting
2026-06-25 19:04:58 - execution - INFO - [Job fe8f9043] 2026-06-25 17:04:58 - base - INFO - Checkpoint saved at epoch 4
2026-06-25 19:04:58 - execution - INFO - [Job fe8f9043] 2026-06-25 17:04:58 - base - INFO - Epoch 5/75 - starting
2026-06-25 19:05:03 - execution - INFO - [Job 63cf0155] 2026-06-25 17:05:03 - base - INFO - Epoch 33/50 - Loss: 0.077375 - Acc: 9.38% - 5.10s
2026-06-25 19:05:03 - execution - INFO - [Job 63cf0155] 2026-06-25 17:05:03 - base - INFO - Checkpoint saved at epoch 33
2026-06-25 19:05:03 - execution - INFO - [Job 63cf0155] 2026-06-25 17:05:03 - base - INFO - Epoch 34/50 - starting
2026-06-25 19:05:03 - execution - INFO - [Job fe8f9043] 2026-06-25 17:05:03 - base - INFO - Epoch 5/75 - Loss: 2.255765 - Acc: 10.16% - 5.15s
2026-06-25 19:05:03 - execution - INFO - [Job fe8f9043] 2026-06-25 17:05:03 - base - INFO - Checkpoint saved at epoch 5
2026-06-25 19:05:03 - execution - INFO - [Job fe8f9043] 2026-06-25 17:05:03 - base - INFO - Epoch 6/75 - starting
2026-06-25 19:05:08 - execution - INFO - [Job 63cf0155] 2026-06-25 17:05:08 - base - INFO - Epoch 34/50 - Loss: 0.107309 - Acc: 9.18% - 5.11s
2026-06-25 19:05:08 - execution - INFO - [Job fe8f9043] 2026-06-25 17:05:08 - base - INFO - Epoch 6/75 - Loss: 2.137876 - Acc: 10.35% - 5.07s
2026-06-25 19:05:08 - execution - INFO - [Job 63cf0155] 2026-06-25 17:05:08 - base - INFO - Checkpoint saved at epoch 34
2026-06-25 19:05:08 - execution - INFO - [Job 63cf0155] 2026-06-25 17:05:08 - base - INFO - Epoch 35/50 - starting
2026-06-25 19:05:09 - execution - INFO - [Job fe8f9043] 2026-06-25 17:05:09 - base - INFO - Checkpoint saved at epoch 6
2026-06-25 19:05:09 - execution - INFO - [Job fe8f9043] 2026-06-25 17:05:09 - base - INFO - Epoch 7/75 - starting
2026-06-25 19:05:14 - execution - INFO - [Job 63cf0155] 2026-06-25 17:05:14 - base - INFO - Epoch 35/50 - Loss: 0.114535 - Acc: 9.57% - 5.09s
2026-06-25 19:05:14 - execution - INFO - [Job fe8f9043] 2026-06-25 17:05:14 - base - INFO - Epoch 7/75 - Loss: 1.920137 - Acc: 9.77% - 5.08s
2026-06-25 19:05:14 - execution - INFO - [Job 63cf0155] 2026-06-25 17:05:14 - base - INFO - Checkpoint saved at epoch 35
2026-06-25 19:05:14 - execution - INFO - [Job 63cf0155] 2026-06-25 17:05:14 - base - INFO - Epoch 36/50 - starting
2026-06-25 19:05:14 - execution - INFO - [Job fe8f9043] 2026-06-25 17:05:14 - base - INFO - Checkpoint saved at epoch 7
2026-06-25 19:05:14 - execution - INFO - [Job fe8f9043] 2026-06-25 17:05:14 - base - INFO - Epoch 8/75 - starting
2026-06-25 19:05:19 - execution - INFO - [Job 63cf0155] 2026-06-25 17:05:19 - base - INFO - Epoch 36/50 - Loss: 0.112115 - Acc: 9.57% - 5.10s
2026-06-25 19:05:19 - execution - INFO - [Job fe8f9043] 2026-06-25 17:05:19 - base - INFO - Epoch 8/75 - Loss: 1.656757 - Acc: 10.35% - 5.07s
2026-06-25 19:05:19 - execution - INFO - [Job 63cf0155] 2026-06-25 17:05:19 - base - INFO - Checkpoint saved at epoch 36
2026-06-25 19:05:19 - execution - INFO - [Job 63cf0155] 2026-06-25 17:05:19 - base - INFO - Epoch 37/50 - starting
2026-06-25 19:05:19 - execution - INFO - [Job fe8f9043] 2026-06-25 17:05:19 - base - INFO - Checkpoint saved at epoch 8
2026-06-25 19:05:19 - execution - INFO - [Job fe8f9043] 2026-06-25 17:05:19 - base - INFO - Epoch 9/75 - starting
2026-06-25 19:05:24 - execution - INFO - [Job 63cf0155] 2026-06-25 17:05:24 - base - INFO - Epoch 37/50 - Loss: 0.127704 - Acc: 9.18% - 5.11s
2026-06-25 19:05:25 - execution - INFO - [Job fe8f9043] 2026-06-25 17:05:25 - base - INFO - Epoch 9/75 - Loss: 1.319709 - Acc: 9.77% - 5.07s
2026-06-25 19:05:25 - execution - INFO - [Job 63cf0155] 2026-06-25 17:05:25 - base - INFO - Checkpoint saved at epoch 37
2026-06-25 19:05:25 - execution - INFO - [Job 63cf0155] 2026-06-25 17:05:25 - base - INFO - Epoch 38/50 - starting
2026-06-25 19:05:25 - execution - INFO - [Job fe8f9043] 2026-06-25 17:05:25 - base - INFO - Checkpoint saved at epoch 9
2026-06-25 19:05:25 - execution - INFO - [Job fe8f9043] 2026-06-25 17:05:25 - base - INFO - Epoch 10/75 - starting
2026-06-25 19:05:30 - execution - INFO - [Job 63cf0155] 2026-06-25 17:05:30 - base - INFO - Epoch 38/50 - Loss: 0.092716 - Acc: 10.16% - 5.11s
2026-06-25 19:05:30 - execution - INFO - [Job fe8f9043] 2026-06-25 17:05:30 - base - INFO - Epoch 10/75 - Loss: 1.035629 - Acc: 10.16% - 5.08s
2026-06-25 19:05:30 - execution - INFO - [Job 63cf0155] 2026-06-25 17:05:30 - base - INFO - Checkpoint saved at epoch 38
2026-06-25 19:05:30 - execution - INFO - [Job 63cf0155] 2026-06-25 17:05:30 - base - INFO - Epoch 39/50 - starting
2026-06-25 19:05:30 - execution - INFO - [Job fe8f9043] 2026-06-25 17:05:30 - base - INFO - Checkpoint saved at epoch 10
2026-06-25 19:05:30 - execution - INFO - [Job fe8f9043] 2026-06-25 17:05:30 - base - INFO - Epoch 11/75 - starting
2026-06-25 19:05:35 - execution - INFO - [Job 63cf0155] 2026-06-25 17:05:35 - base - INFO - Epoch 39/50 - Loss: 0.097057 - Acc: 9.96% - 5.10s
2026-06-25 19:05:35 - execution - INFO - [Job fe8f9043] 2026-06-25 17:05:35 - base - INFO - Epoch 11/75 - Loss: 0.795217 - Acc: 9.18% - 5.06s
2026-06-25 19:05:36 - execution - INFO - [Job 63cf0155] 2026-06-25 17:05:36 - base - INFO - Checkpoint saved at epoch 39
2026-06-25 19:05:36 - execution - INFO - [Job 63cf0155] 2026-06-25 17:05:36 - base - INFO - Epoch 40/50 - starting
2026-06-25 19:05:36 - execution - INFO - [Job fe8f9043] 2026-06-25 17:05:36 - base - INFO - Checkpoint saved at epoch 11
2026-06-25 19:05:36 - execution - INFO - [Job fe8f9043] 2026-06-25 17:05:36 - base - INFO - Epoch 12/75 - starting
2026-06-25 19:05:41 - execution - INFO - [Job 63cf0155] 2026-06-25 17:05:41 - base - INFO - Epoch 40/50 - Loss: 0.088087 - Acc: 11.13% - 5.10s
2026-06-25 19:05:41 - execution - INFO - [Job fe8f9043] 2026-06-25 17:05:41 - base - INFO - Epoch 12/75 - Loss: 0.613687 - Acc: 8.40% - 5.11s
2026-06-25 19:05:41 - execution - INFO - [Job 63cf0155] 2026-06-25 17:05:41 - base - INFO - Checkpoint saved at epoch 40
2026-06-25 19:05:41 - execution - INFO - [Job 63cf0155] 2026-06-25 17:05:41 - base - INFO - Epoch 41/50 - starting
2026-06-25 19:05:41 - execution - INFO - [Job fe8f9043] 2026-06-25 17:05:41 - base - INFO - Checkpoint saved at epoch 12
2026-06-25 19:05:41 - execution - INFO - [Job fe8f9043] 2026-06-25 17:05:41 - base - INFO - Epoch 13/75 - starting
2026-06-25 19:05:46 - execution - INFO - [Job 63cf0155] 2026-06-25 17:05:46 - base - INFO - Epoch 41/50 - Loss: 0.049211 - Acc: 9.57% - 5.10s
2026-06-25 19:05:46 - execution - INFO - [Job fe8f9043] 2026-06-25 17:05:46 - base - INFO - Epoch 13/75 - Loss: 0.460103 - Acc: 9.77% - 5.13s
2026-06-25 19:05:46 - execution - INFO - [Job 63cf0155] 2026-06-25 17:05:46 - base - INFO - Checkpoint saved at epoch 41
2026-06-25 19:05:46 - execution - INFO - [Job 63cf0155] 2026-06-25 17:05:46 - base - INFO - Epoch 42/50 - starting
2026-06-25 19:05:47 - execution - INFO - [Job fe8f9043] 2026-06-25 17:05:47 - base - INFO - Checkpoint saved at epoch 13
2026-06-25 19:05:47 - execution - INFO - [Job fe8f9043] 2026-06-25 17:05:47 - base - INFO - Epoch 14/75 - starting
2026-06-25 19:05:52 - execution - INFO - [Job 63cf0155] 2026-06-25 17:05:52 - base - INFO - Epoch 42/50 - Loss: 0.037624 - Acc: 8.79% - 5.09s
2026-06-25 19:05:52 - execution - INFO - [Job fe8f9043] 2026-06-25 17:05:52 - base - INFO - Epoch 14/75 - Loss: 0.337611 - Acc: 10.35% - 5.07s
2026-06-25 19:05:52 - execution - INFO - [Job 63cf0155] 2026-06-25 17:05:52 - base - INFO - Checkpoint saved at epoch 42
2026-06-25 19:05:52 - execution - INFO - [Job 63cf0155] 2026-06-25 17:05:52 - base - INFO - Epoch 43/50 - starting
2026-06-25 19:05:52 - execution - INFO - [Job fe8f9043] 2026-06-25 17:05:52 - base - INFO - Checkpoint saved at epoch 14
2026-06-25 19:05:52 - execution - INFO - [Job fe8f9043] 2026-06-25 17:05:52 - base - INFO - Epoch 15/75 - starting
2026-06-25 19:05:57 - execution - INFO - [Job 63cf0155] 2026-06-25 17:05:57 - base - INFO - Epoch 43/50 - Loss: 0.034561 - Acc: 9.18% - 5.11s
2026-06-25 19:05:57 - execution - INFO - [Job fe8f9043] 2026-06-25 17:05:57 - base - INFO - Epoch 15/75 - Loss: 0.296718 - Acc: 12.30% - 5.07s
2026-06-25 19:05:57 - execution - INFO - [Job 63cf0155] 2026-06-25 17:05:57 - base - INFO - Checkpoint saved at epoch 43
2026-06-25 19:05:57 - execution - INFO - [Job 63cf0155] 2026-06-25 17:05:57 - base - INFO - Epoch 44/50 - starting
2026-06-25 19:05:57 - execution - INFO - [Job fe8f9043] 2026-06-25 17:05:57 - base - INFO - Checkpoint saved at epoch 15
2026-06-25 19:05:57 - execution - INFO - [Job fe8f9043] 2026-06-25 17:05:57 - base - INFO - Epoch 16/75 - starting
2026-06-25 19:06:03 - execution - INFO - [Job fe8f9043] 2026-06-25 17:06:03 - base - INFO - Epoch 16/75 - Loss: 0.290545 - Acc: 10.55% - 5.07s
2026-06-25 19:06:03 - execution - INFO - [Job 63cf0155] 2026-06-25 17:06:03 - base - INFO - Epoch 44/50 - Loss: 0.045887 - Acc: 8.79% - 5.10s
2026-06-25 19:06:03 - execution - INFO - [Job 63cf0155] 2026-06-25 17:06:03 - base - INFO - Checkpoint saved at epoch 44
2026-06-25 19:06:03 - execution - INFO - [Job 63cf0155] 2026-06-25 17:06:03 - base - INFO - Epoch 45/50 - starting
2026-06-25 19:06:03 - execution - INFO - [Job fe8f9043] 2026-06-25 17:06:03 - base - INFO - Checkpoint saved at epoch 16
2026-06-25 19:06:03 - execution - INFO - [Job fe8f9043] 2026-06-25 17:06:03 - base - INFO - Epoch 17/75 - starting
2026-06-25 19:06:08 - execution - INFO - [Job fe8f9043] 2026-06-25 17:06:08 - base - INFO - Epoch 17/75 - Loss: 0.258527 - Acc: 9.38% - 5.07s
2026-06-25 19:06:08 - execution - INFO - [Job 63cf0155] 2026-06-25 17:06:08 - base - INFO - Epoch 45/50 - Loss: 0.037513 - Acc: 9.96% - 5.10s
2026-06-25 19:06:08 - execution - INFO - [Job fe8f9043] 2026-06-25 17:06:08 - base - INFO - Checkpoint saved at epoch 17
2026-06-25 19:06:08 - execution - INFO - [Job fe8f9043] 2026-06-25 17:06:08 - base - INFO - Epoch 18/75 - starting
2026-06-25 19:06:08 - execution - INFO - [Job 63cf0155] 2026-06-25 17:06:08 - base - INFO - Checkpoint saved at epoch 45
2026-06-25 19:06:08 - execution - INFO - [Job 63cf0155] 2026-06-25 17:06:08 - base - INFO - Epoch 46/50 - starting
2026-06-25 19:06:13 - execution - INFO - [Job 63cf0155] 2026-06-25 17:06:13 - base - INFO - Epoch 46/50 - Loss: 0.070936 - Acc: 9.96% - 5.10s
2026-06-25 19:06:14 - execution - INFO - [Job fe8f9043] 2026-06-25 17:06:14 - base - INFO - Epoch 18/75 - Loss: 0.225720 - Acc: 9.18% - 5.21s
2026-06-25 19:06:14 - execution - INFO - [Job 63cf0155] 2026-06-25 17:06:14 - base - INFO - Checkpoint saved at epoch 46
2026-06-25 19:06:14 - execution - INFO - [Job 63cf0155] 2026-06-25 17:06:14 - base - INFO - Epoch 47/50 - starting
2026-06-25 19:06:14 - execution - INFO - [Job fe8f9043] 2026-06-25 17:06:14 - base - INFO - Checkpoint saved at epoch 18
2026-06-25 19:06:14 - execution - INFO - [Job fe8f9043] 2026-06-25 17:06:14 - base - INFO - Epoch 19/75 - starting
2026-06-25 19:06:19 - execution - INFO - [Job 63cf0155] 2026-06-25 17:06:19 - base - INFO - Epoch 47/50 - Loss: 0.100417 - Acc: 9.18% - 5.10s
2026-06-25 19:06:19 - execution - INFO - [Job fe8f9043] 2026-06-25 17:06:19 - base - INFO - Epoch 19/75 - Loss: 0.193779 - Acc: 9.96% - 5.07s
2026-06-25 19:06:19 - execution - INFO - [Job 63cf0155] 2026-06-25 17:06:19 - base - INFO - Checkpoint saved at epoch 47
2026-06-25 19:06:19 - execution - INFO - [Job 63cf0155] 2026-06-25 17:06:19 - base - INFO - Epoch 48/50 - starting
2026-06-25 19:06:19 - execution - INFO - [Job fe8f9043] 2026-06-25 17:06:19 - base - INFO - Checkpoint saved at epoch 19
2026-06-25 19:06:19 - execution - INFO - [Job fe8f9043] 2026-06-25 17:06:19 - base - INFO - Epoch 20/75 - starting
2026-06-25 19:06:24 - execution - INFO - [Job 63cf0155] 2026-06-25 17:06:24 - base - INFO - Epoch 48/50 - Loss: 0.122969 - Acc: 9.96% - 5.11s
2026-06-25 19:06:24 - execution - INFO - [Job fe8f9043] 2026-06-25 17:06:24 - base - INFO - Epoch 20/75 - Loss: 0.178074 - Acc: 10.16% - 5.07s
2026-06-25 19:06:25 - execution - INFO - [Job 63cf0155] 2026-06-25 17:06:25 - base - INFO - Checkpoint saved at epoch 48
2026-06-25 19:06:25 - execution - INFO - [Job 63cf0155] 2026-06-25 17:06:25 - base - INFO - Epoch 49/50 - starting
2026-06-25 19:06:25 - execution - INFO - [Job fe8f9043] 2026-06-25 17:06:25 - base - INFO - Checkpoint saved at epoch 20
2026-06-25 19:06:25 - execution - INFO - [Job fe8f9043] 2026-06-25 17:06:25 - base - INFO - Epoch 21/75 - starting
2026-06-25 19:06:30 - execution - INFO - [Job fe8f9043] 2026-06-25 17:06:30 - base - INFO - Epoch 21/75 - Loss: 0.138891 - Acc: 8.98% - 5.07s
2026-06-25 19:06:30 - execution - INFO - [Job 63cf0155] 2026-06-25 17:06:30 - base - INFO - Epoch 49/50 - Loss: 0.135022 - Acc: 11.52% - 5.10s
2026-06-25 19:06:30 - execution - INFO - [Job fe8f9043] 2026-06-25 17:06:30 - base - INFO - Checkpoint saved at epoch 21
2026-06-25 19:06:30 - execution - INFO - [Job fe8f9043] 2026-06-25 17:06:30 - base - INFO - Epoch 22/75 - starting
2026-06-25 19:06:30 - execution - INFO - [Job 63cf0155] 2026-06-25 17:06:30 - base - INFO - Checkpoint saved at epoch 49
2026-06-25 19:06:30 - execution - INFO - [Job 63cf0155] 2026-06-25 17:06:30 - base - INFO - Epoch 50/50 - starting
2026-06-25 19:06:35 - execution - INFO - [Job fe8f9043] 2026-06-25 17:06:35 - base - INFO - Epoch 22/75 - Loss: 0.162400 - Acc: 9.96% - 5.06s
2026-06-25 19:06:35 - execution - INFO - [Job 63cf0155] 2026-06-25 17:06:35 - base - INFO - Epoch 50/50 - Loss: 0.126564 - Acc: 10.74% - 5.10s
2026-06-25 19:06:36 - execution - INFO - [Job fe8f9043] 2026-06-25 17:06:36 - base - INFO - Checkpoint saved at epoch 22
2026-06-25 19:06:36 - execution - INFO - [Job fe8f9043] 2026-06-25 17:06:36 - base - INFO - Epoch 23/75 - starting
2026-06-25 19:06:36 - execution - INFO - [Job 63cf0155] 2026-06-25 17:06:36 - base - INFO - Checkpoint saved at epoch 50
2026-06-25 19:06:36 - execution - INFO - [Job 63cf0155] 2026-06-25 17:06:36 - base - INFO - Training completed! Final epoch: 50
2026-06-25 19:06:41 - execution - INFO - [Job fe8f9043] 2026-06-25 17:06:41 - base - INFO - Epoch 23/75 - Loss: 0.152283 - Acc: 10.16% - 5.05s
2026-06-25 19:06:41 - execution - INFO - [Job fe8f9043] 2026-06-25 17:06:41 - base - INFO - Checkpoint saved at epoch 23
2026-06-25 19:06:41 - execution - INFO - [Job fe8f9043] 2026-06-25 17:06:41 - base - INFO - Epoch 24/75 - starting
2026-06-25 19:06:42 - execution - INFO - Job 63cf0155 completed successfully
2026-06-25 19:06:43 - execution - INFO - GPU allocator: job 63cf0155 releases indices [1]
2026-06-25 19:06:46 - execution - INFO - [Job fe8f9043] 2026-06-25 17:06:46 - base - INFO - Epoch 24/75 - Loss: 0.133087 - Acc: 9.57% - 5.05s
2026-06-25 19:06:46 - execution - INFO - [Job fe8f9043] 2026-06-25 17:06:46 - base - INFO - Checkpoint saved at epoch 24
2026-06-25 19:06:46 - execution - INFO - [Job fe8f9043] 2026-06-25 17:06:46 - base - INFO - Epoch 25/75 - starting
2026-06-25 19:06:51 - execution - INFO - [Job fe8f9043] 2026-06-25 17:06:51 - base - INFO - Epoch 25/75 - Loss: 0.163655 - Acc: 10.35% - 5.03s
2026-06-25 19:06:52 - execution - INFO - [Job fe8f9043] 2026-06-25 17:06:52 - base - INFO - Checkpoint saved at epoch 25
2026-06-25 19:06:52 - execution - INFO - [Job fe8f9043] 2026-06-25 17:06:52 - base - INFO - Epoch 26/75 - starting
2026-06-25 19:06:57 - execution - INFO - [Job fe8f9043] 2026-06-25 17:06:57 - base - INFO - Epoch 26/75 - Loss: 0.150272 - Acc: 10.94% - 5.03s
2026-06-25 19:06:57 - execution - INFO - [Job fe8f9043] 2026-06-25 17:06:57 - base - INFO - Checkpoint saved at epoch 26
2026-06-25 19:06:57 - execution - INFO - [Job fe8f9043] 2026-06-25 17:06:57 - base - INFO - Epoch 27/75 - starting
2026-06-25 19:07:02 - execution - INFO - [Job fe8f9043] 2026-06-25 17:07:02 - base - INFO - Epoch 27/75 - Loss: 0.116780 - Acc: 8.79% - 5.04s
2026-06-25 19:07:02 - execution - INFO - [Job fe8f9043] 2026-06-25 17:07:02 - base - INFO - Checkpoint saved at epoch 27
2026-06-25 19:07:02 - execution - INFO - [Job fe8f9043] 2026-06-25 17:07:02 - base - INFO - Epoch 28/75 - starting
INFO:     131.175.15.40:33968 - "POST /jobs/fa2f78b3-bea9-46a0-bd84-f5b73e18833d/run HTTP/1.1" 202 Accepted
2026-06-25 19:07:07 - execution - INFO - [Job fe8f9043] 2026-06-25 17:07:07 - base - INFO - Epoch 28/75 - Loss: 0.125991 - Acc: 9.77% - 5.04s
2026-06-25 19:07:08 - execution - INFO - [Job fe8f9043] 2026-06-25 17:07:08 - base - INFO - Checkpoint saved at epoch 28
2026-06-25 19:07:08 - execution - INFO - [Job fe8f9043] 2026-06-25 17:07:08 - base - INFO - Epoch 29/75 - starting
2026-06-25 19:07:12 - execution - INFO - GPU allocator: job fa2f78b3 claims indices [1]
2026-06-25 19:07:12 - execution - INFO - Starting job fa2f78b3: docker run --rm --name ijm-fa2f78b3 --device nvidia.com/gpu=1 --user 0:0 -e USER=root -e HOME=/tmp --dns 8.8.8.8 --dns 1.1.1.1 -v /home/wangrat/ijm/data/checkpoints/fa2f78b3-bea9-46a0-bd84-f5b73e18833d:/checkpoints -v /home/wangrat/ijm/data/runs/fa2f78b3-bea9-46a0-bd84-f5b73e18833d:/runs -v /home/wangrat/ijm/data/datasets:/runs/data:ro -e OMP_NUM_THREADS=1 -e OPENBLAS_NUM_THREADS=1 -e MKL_NUM_THREADS=1 -e EPOCHS_TOTAL=75 wangrat/ijm-cnn_big:latest
2026-06-25 19:07:13 - execution - INFO - [Job fe8f9043] 2026-06-25 17:07:13 - base - INFO - Epoch 29/75 - Loss: 0.123457 - Acc: 10.35% - 5.07s
2026-06-25 19:07:13 - execution - INFO - [Job fe8f9043] 2026-06-25 17:07:13 - base - INFO - Checkpoint saved at epoch 29
2026-06-25 19:07:13 - execution - INFO - [Job fe8f9043] 2026-06-25 17:07:13 - base - INFO - Epoch 30/75 - starting
2026-06-25 19:07:15 - execution - INFO - [Job fa2f78b3] 2026-06-25 17:07:15 - __main__ - INFO - ============================================================
2026-06-25 19:07:15 - execution - INFO - [Job fa2f78b3] 2026-06-25 17:07:15 - __main__ - INFO - Starting cnn_big v2 training (synthetic 128x128x3, deep CNN)
2026-06-25 19:07:15 - execution - INFO - [Job fa2f78b3] 2026-06-25 17:07:15 - __main__ - INFO - ============================================================
2026-06-25 19:07:15 - execution - INFO - [Job fa2f78b3] 2026-06-25 17:07:15 - base - INFO - Using device: cuda
2026-06-25 19:07:16 - execution - INFO - [Job fa2f78b3] 2026-06-25 17:07:16 - base - INFO - No checkpoint found, starting from scratch
2026-06-25 19:07:16 - execution - INFO - [Job fa2f78b3] 2026-06-25 17:07:16 - base - INFO - Config: epochs_total=75, batch_size=32
2026-06-25 19:07:16 - execution - INFO - [Job fa2f78b3] 2026-06-25 17:07:16 - base - INFO - Starting training from epoch 0 to 75
2026-06-25 19:07:16 - execution - INFO - [Job fa2f78b3] 2026-06-25 17:07:16 - base - INFO - Epoch 1/75 - starting
2026-06-25 19:07:18 - execution - INFO - [Job fe8f9043] 2026-06-25 17:07:18 - base - INFO - Epoch 30/75 - Loss: 0.121803 - Acc: 9.38% - 5.09s
2026-06-25 19:07:18 - execution - INFO - [Job fe8f9043] 2026-06-25 17:07:18 - base - INFO - Checkpoint saved at epoch 30
2026-06-25 19:07:18 - execution - INFO - [Job fe8f9043] 2026-06-25 17:07:18 - base - INFO - Epoch 31/75 - starting
2026-06-25 19:07:21 - execution - INFO - [Job fa2f78b3] 2026-06-25 17:07:21 - base - INFO - Epoch 1/75 - Loss: 2.331806 - Acc: 10.16% - 5.32s
2026-06-25 19:07:22 - execution - INFO - [Job fa2f78b3] 2026-06-25 17:07:22 - base - INFO - Checkpoint saved at epoch 1
2026-06-25 19:07:22 - execution - INFO - [Job fa2f78b3] 2026-06-25 17:07:22 - base - INFO - Epoch 2/75 - starting
2026-06-25 19:07:23 - execution - INFO - [Job fe8f9043] 2026-06-25 17:07:23 - base - INFO - Epoch 31/75 - Loss: 0.103255 - Acc: 9.77% - 5.06s
2026-06-25 19:07:23 - execution - INFO - [Job fe8f9043] 2026-06-25 17:07:23 - base - INFO - Checkpoint saved at epoch 31
2026-06-25 19:07:23 - execution - INFO - [Job fe8f9043] 2026-06-25 17:07:23 - base - INFO - Epoch 32/75 - starting
2026-06-25 19:07:27 - execution - INFO - [Job fa2f78b3] 2026-06-25 17:07:27 - base - INFO - Epoch 2/75 - Loss: 2.322112 - Acc: 8.59% - 5.06s
2026-06-25 19:07:27 - execution - INFO - [Job fa2f78b3] 2026-06-25 17:07:27 - base - INFO - Checkpoint saved at epoch 2
2026-06-25 19:07:27 - execution - INFO - [Job fa2f78b3] 2026-06-25 17:07:27 - base - INFO - Epoch 3/75 - starting
2026-06-25 19:07:28 - execution - INFO - [Job fe8f9043] 2026-06-25 17:07:28 - base - INFO - Epoch 32/75 - Loss: 0.071830 - Acc: 9.18% - 5.06s
2026-06-25 19:07:29 - execution - INFO - [Job fe8f9043] 2026-06-25 17:07:29 - base - INFO - Checkpoint saved at epoch 32
2026-06-25 19:07:29 - execution - INFO - [Job fe8f9043] 2026-06-25 17:07:29 - base - INFO - Epoch 33/75 - starting
2026-06-25 19:07:32 - execution - INFO - [Job fa2f78b3] 2026-06-25 17:07:32 - base - INFO - Epoch 3/75 - Loss: 2.310637 - Acc: 10.16% - 5.06s
2026-06-25 19:07:32 - execution - INFO - [Job fa2f78b3] 2026-06-25 17:07:32 - base - INFO - Checkpoint saved at epoch 3
2026-06-25 19:07:32 - execution - INFO - [Job fa2f78b3] 2026-06-25 17:07:32 - base - INFO - Epoch 4/75 - starting
2026-06-25 19:07:34 - execution - INFO - [Job fe8f9043] 2026-06-25 17:07:34 - base - INFO - Epoch 33/75 - Loss: 0.075196 - Acc: 9.18% - 5.07s
2026-06-25 19:07:34 - execution - INFO - [Job fe8f9043] 2026-06-25 17:07:34 - base - INFO - Checkpoint saved at epoch 33
2026-06-25 19:07:34 - execution - INFO - [Job fe8f9043] 2026-06-25 17:07:34 - base - INFO - Epoch 34/75 - starting
2026-06-25 19:07:37 - execution - INFO - [Job fa2f78b3] 2026-06-25 17:07:37 - base - INFO - Epoch 4/75 - Loss: 2.303339 - Acc: 9.96% - 5.07s
2026-06-25 19:07:37 - execution - INFO - [Job fa2f78b3] 2026-06-25 17:07:37 - base - INFO - Checkpoint saved at epoch 4
2026-06-25 19:07:37 - execution - INFO - [Job fa2f78b3] 2026-06-25 17:07:37 - base - INFO - Epoch 5/75 - starting
2026-06-25 19:07:39 - execution - INFO - [Job fe8f9043] 2026-06-25 17:07:39 - base - INFO - Epoch 34/75 - Loss: 0.082687 - Acc: 9.96% - 5.06s
2026-06-25 19:07:39 - execution - INFO - [Job fe8f9043] 2026-06-25 17:07:39 - base - INFO - Checkpoint saved at epoch 34
2026-06-25 19:07:39 - execution - INFO - [Job fe8f9043] 2026-06-25 17:07:39 - base - INFO - Epoch 35/75 - starting
2026-06-25 19:07:43 - execution - INFO - [Job fa2f78b3] 2026-06-25 17:07:43 - base - INFO - Epoch 5/75 - Loss: 2.278193 - Acc: 10.35% - 5.08s
2026-06-25 19:07:43 - execution - INFO - [Job fa2f78b3] 2026-06-25 17:07:43 - base - INFO - Checkpoint saved at epoch 5
2026-06-25 19:07:43 - execution - INFO - [Job fa2f78b3] 2026-06-25 17:07:43 - base - INFO - Epoch 6/75 - starting
2026-06-25 19:07:44 - execution - INFO - [Job fe8f9043] 2026-06-25 17:07:44 - base - INFO - Epoch 35/75 - Loss: 0.068424 - Acc: 10.94% - 5.07s
2026-06-25 19:07:45 - execution - INFO - [Job fe8f9043] 2026-06-25 17:07:45 - base - INFO - Checkpoint saved at epoch 35
2026-06-25 19:07:45 - execution - INFO - [Job fe8f9043] 2026-06-25 17:07:45 - base - INFO - Epoch 36/75 - starting
2026-06-25 19:07:48 - execution - INFO - [Job fa2f78b3] 2026-06-25 17:07:48 - base - INFO - Epoch 6/75 - Loss: 2.234562 - Acc: 10.16% - 5.07s
2026-06-25 19:07:48 - execution - INFO - [Job fa2f78b3] 2026-06-25 17:07:48 - base - INFO - Checkpoint saved at epoch 6
2026-06-25 19:07:48 - execution - INFO - [Job fa2f78b3] 2026-06-25 17:07:48 - base - INFO - Epoch 7/75 - starting
2026-06-25 19:07:50 - execution - INFO - [Job fe8f9043] 2026-06-25 17:07:50 - base - INFO - Epoch 36/75 - Loss: 0.071929 - Acc: 8.79% - 5.06s
2026-06-25 19:07:50 - execution - INFO - [Job fe8f9043] 2026-06-25 17:07:50 - base - INFO - Checkpoint saved at epoch 36
2026-06-25 19:07:50 - execution - INFO - [Job fe8f9043] 2026-06-25 17:07:50 - base - INFO - Epoch 37/75 - starting
2026-06-25 19:07:53 - execution - INFO - [Job fa2f78b3] 2026-06-25 17:07:53 - base - INFO - Epoch 7/75 - Loss: 2.086113 - Acc: 9.18% - 5.07s
2026-06-25 19:07:53 - execution - INFO - [Job fa2f78b3] 2026-06-25 17:07:53 - base - INFO - Checkpoint saved at epoch 7
2026-06-25 19:07:53 - execution - INFO - [Job fa2f78b3] 2026-06-25 17:07:53 - base - INFO - Epoch 8/75 - starting
2026-06-25 19:07:55 - execution - INFO - [Job fe8f9043] 2026-06-25 17:07:55 - base - INFO - Epoch 37/75 - Loss: 0.067540 - Acc: 10.55% - 5.06s
2026-06-25 19:07:55 - execution - INFO - [Job fe8f9043] 2026-06-25 17:07:55 - base - INFO - Checkpoint saved at epoch 37
2026-06-25 19:07:55 - execution - INFO - [Job fe8f9043] 2026-06-25 17:07:55 - base - INFO - Epoch 38/75 - starting
2026-06-25 19:07:58 - execution - INFO - [Job fa2f78b3] 2026-06-25 17:07:58 - base - INFO - Epoch 8/75 - Loss: 1.797953 - Acc: 9.96% - 5.07s
2026-06-25 19:07:59 - execution - INFO - [Job fa2f78b3] 2026-06-25 17:07:59 - base - INFO - Checkpoint saved at epoch 8
2026-06-25 19:07:59 - execution - INFO - [Job fa2f78b3] 2026-06-25 17:07:59 - base - INFO - Epoch 9/75 - starting
2026-06-25 19:08:00 - execution - INFO - [Job fe8f9043] 2026-06-25 17:08:00 - base - INFO - Epoch 38/75 - Loss: 0.080808 - Acc: 11.13% - 5.07s
2026-06-25 19:08:01 - execution - INFO - [Job fe8f9043] 2026-06-25 17:08:01 - base - INFO - Checkpoint saved at epoch 38
2026-06-25 19:08:01 - execution - INFO - [Job fe8f9043] 2026-06-25 17:08:01 - base - INFO - Epoch 39/75 - starting
2026-06-25 19:08:04 - execution - INFO - [Job fa2f78b3] 2026-06-25 17:08:04 - base - INFO - Epoch 9/75 - Loss: 1.397472 - Acc: 7.81% - 5.07s
2026-06-25 19:08:04 - execution - INFO - [Job fa2f78b3] 2026-06-25 17:08:04 - base - INFO - Checkpoint saved at epoch 9
2026-06-25 19:08:04 - execution - INFO - [Job fa2f78b3] 2026-06-25 17:08:04 - base - INFO - Epoch 10/75 - starting
2026-06-25 19:08:06 - execution - INFO - [Job fe8f9043] 2026-06-25 17:08:06 - base - INFO - Epoch 39/75 - Loss: 0.110834 - Acc: 10.16% - 5.06s
2026-06-25 19:08:06 - execution - INFO - [Job fe8f9043] 2026-06-25 17:08:06 - base - INFO - Checkpoint saved at epoch 39
2026-06-25 19:08:06 - execution - INFO - [Job fe8f9043] 2026-06-25 17:08:06 - base - INFO - Epoch 40/75 - starting
2026-06-25 19:08:09 - execution - INFO - [Job fa2f78b3] 2026-06-25 17:08:09 - base - INFO - Epoch 10/75 - Loss: 1.028060 - Acc: 9.77% - 5.08s
2026-06-25 19:08:09 - execution - INFO - [Job fa2f78b3] 2026-06-25 17:08:09 - base - INFO - Checkpoint saved at epoch 10
2026-06-25 19:08:09 - execution - INFO - [Job fa2f78b3] 2026-06-25 17:08:09 - base - INFO - Epoch 11/75 - starting
2026-06-25 19:08:11 - execution - INFO - [Job fe8f9043] 2026-06-25 17:08:11 - base - INFO - Epoch 40/75 - Loss: 0.111423 - Acc: 10.55% - 5.06s
2026-06-25 19:08:11 - execution - INFO - [Job fe8f9043] 2026-06-25 17:08:11 - base - INFO - Checkpoint saved at epoch 40
2026-06-25 19:08:11 - execution - INFO - [Job fe8f9043] 2026-06-25 17:08:11 - base - INFO - Epoch 41/75 - starting
2026-06-25 19:08:14 - execution - INFO - [Job fa2f78b3] 2026-06-25 17:08:14 - base - INFO - Epoch 11/75 - Loss: 0.707853 - Acc: 9.77% - 5.07s
2026-06-25 19:08:15 - execution - INFO - [Job fa2f78b3] 2026-06-25 17:08:15 - base - INFO - Checkpoint saved at epoch 11
2026-06-25 19:08:15 - execution - INFO - [Job fa2f78b3] 2026-06-25 17:08:15 - base - INFO - Epoch 12/75 - starting
2026-06-25 19:08:16 - execution - INFO - [Job fe8f9043] 2026-06-25 17:08:16 - base - INFO - Epoch 41/75 - Loss: 0.092281 - Acc: 9.77% - 5.08s
2026-06-25 19:08:17 - execution - INFO - [Job fe8f9043] 2026-06-25 17:08:17 - base - INFO - Checkpoint saved at epoch 41
2026-06-25 19:08:17 - execution - INFO - [Job fe8f9043] 2026-06-25 17:08:17 - base - INFO - Epoch 42/75 - starting
2026-06-25 19:08:20 - execution - INFO - [Job fa2f78b3] 2026-06-25 17:08:20 - base - INFO - Epoch 12/75 - Loss: 0.508441 - Acc: 9.77% - 5.08s
2026-06-25 19:08:20 - execution - INFO - [Job fa2f78b3] 2026-06-25 17:08:20 - base - INFO - Checkpoint saved at epoch 12
2026-06-25 19:08:20 - execution - INFO - [Job fa2f78b3] 2026-06-25 17:08:20 - base - INFO - Epoch 13/75 - starting
2026-06-25 19:08:22 - execution - INFO - [Job fe8f9043] 2026-06-25 17:08:22 - base - INFO - Epoch 42/75 - Loss: 0.084151 - Acc: 9.18% - 5.07s
2026-06-25 19:08:22 - execution - INFO - [Job fe8f9043] 2026-06-25 17:08:22 - base - INFO - Checkpoint saved at epoch 42
2026-06-25 19:08:22 - execution - INFO - [Job fe8f9043] 2026-06-25 17:08:22 - base - INFO - Epoch 43/75 - starting
2026-06-25 19:08:25 - execution - INFO - [Job fa2f78b3] 2026-06-25 17:08:25 - base - INFO - Epoch 13/75 - Loss: 0.419124 - Acc: 9.77% - 5.08s
2026-06-25 19:08:25 - execution - INFO - [Job fa2f78b3] 2026-06-25 17:08:25 - base - INFO - Checkpoint saved at epoch 13
2026-06-25 19:08:25 - execution - INFO - [Job fa2f78b3] 2026-06-25 17:08:25 - base - INFO - Epoch 14/75 - starting
2026-06-25 19:08:27 - execution - INFO - [Job fe8f9043] 2026-06-25 17:08:27 - base - INFO - Epoch 43/75 - Loss: 0.100857 - Acc: 8.79% - 5.07s
2026-06-25 19:08:27 - execution - INFO - [Job fe8f9043] 2026-06-25 17:08:27 - base - INFO - Checkpoint saved at epoch 43
2026-06-25 19:08:27 - execution - INFO - [Job fe8f9043] 2026-06-25 17:08:27 - base - INFO - Epoch 44/75 - starting
2026-06-25 19:08:30 - execution - INFO - [Job fa2f78b3] 2026-06-25 17:08:30 - base - INFO - Epoch 14/75 - Loss: 0.357869 - Acc: 8.79% - 5.07s
2026-06-25 19:08:31 - execution - INFO - [Job fa2f78b3] 2026-06-25 17:08:31 - base - INFO - Checkpoint saved at epoch 14
2026-06-25 19:08:31 - execution - INFO - [Job fa2f78b3] 2026-06-25 17:08:31 - base - INFO - Epoch 15/75 - starting
2026-06-25 19:08:32 - execution - INFO - [Job fe8f9043] 2026-06-25 17:08:32 - base - INFO - Epoch 44/75 - Loss: 0.085101 - Acc: 11.72% - 5.06s
2026-06-25 19:08:32 - execution - INFO - [Job fe8f9043] 2026-06-25 17:08:32 - base - INFO - Checkpoint saved at epoch 44
2026-06-25 19:08:32 - execution - INFO - [Job fe8f9043] 2026-06-25 17:08:32 - base - INFO - Epoch 45/75 - starting
2026-06-25 19:08:36 - execution - INFO - [Job fa2f78b3] 2026-06-25 17:08:36 - base - INFO - Epoch 15/75 - Loss: 0.242542 - Acc: 10.55% - 5.07s
2026-06-25 19:08:36 - execution - INFO - [Job fa2f78b3] 2026-06-25 17:08:36 - base - INFO - Checkpoint saved at epoch 15
2026-06-25 19:08:36 - execution - INFO - [Job fa2f78b3] 2026-06-25 17:08:36 - base - INFO - Epoch 16/75 - starting
2026-06-25 19:08:38 - execution - INFO - [Job fe8f9043] 2026-06-25 17:08:38 - base - INFO - Epoch 45/75 - Loss: 0.054628 - Acc: 9.57% - 5.06s
2026-06-25 19:08:38 - execution - INFO - [Job fe8f9043] 2026-06-25 17:08:38 - base - INFO - Checkpoint saved at epoch 45
2026-06-25 19:08:38 - execution - INFO - [Job fe8f9043] 2026-06-25 17:08:38 - base - INFO - Epoch 46/75 - starting
2026-06-25 19:08:41 - execution - INFO - [Job fa2f78b3] 2026-06-25 17:08:41 - base - INFO - Epoch 16/75 - Loss: 0.185661 - Acc: 10.35% - 5.07s
2026-06-25 19:08:41 - execution - INFO - [Job fa2f78b3] 2026-06-25 17:08:41 - base - INFO - Checkpoint saved at epoch 16
2026-06-25 19:08:41 - execution - INFO - [Job fa2f78b3] 2026-06-25 17:08:41 - base - INFO - Epoch 17/75 - starting
2026-06-25 19:08:43 - execution - INFO - [Job fe8f9043] 2026-06-25 17:08:43 - base - INFO - Epoch 46/75 - Loss: 0.057058 - Acc: 10.55% - 5.07s
2026-06-25 19:08:43 - execution - INFO - [Job fe8f9043] 2026-06-25 17:08:43 - base - INFO - Checkpoint saved at epoch 46
2026-06-25 19:08:43 - execution - INFO - [Job fe8f9043] 2026-06-25 17:08:43 - base - INFO - Epoch 47/75 - starting
2026-06-25 19:08:46 - execution - INFO - [Job fa2f78b3] 2026-06-25 17:08:46 - base - INFO - Epoch 17/75 - Loss: 0.186055 - Acc: 9.96% - 5.07s
2026-06-25 19:08:47 - execution - INFO - [Job fa2f78b3] 2026-06-25 17:08:47 - base - INFO - Checkpoint saved at epoch 17
2026-06-25 19:08:47 - execution - INFO - [Job fa2f78b3] 2026-06-25 17:08:47 - base - INFO - Epoch 18/75 - starting
2026-06-25 19:08:48 - execution - INFO - [Job fe8f9043] 2026-06-25 17:08:48 - base - INFO - Epoch 47/75 - Loss: 0.058861 - Acc: 9.96% - 5.13s
2026-06-25 19:08:48 - execution - INFO - [Job fe8f9043] 2026-06-25 17:08:48 - base - INFO - Checkpoint saved at epoch 47
2026-06-25 19:08:48 - execution - INFO - [Job fe8f9043] 2026-06-25 17:08:48 - base - INFO - Epoch 48/75 - starting
2026-06-25 19:08:52 - execution - INFO - [Job fa2f78b3] 2026-06-25 17:08:52 - base - INFO - Epoch 18/75 - Loss: 0.148512 - Acc: 10.16% - 5.08s
2026-06-25 19:08:52 - execution - INFO - [Job fa2f78b3] 2026-06-25 17:08:52 - base - INFO - Checkpoint saved at epoch 18
2026-06-25 19:08:52 - execution - INFO - [Job fa2f78b3] 2026-06-25 17:08:52 - base - INFO - Epoch 19/75 - starting
2026-06-25 19:08:54 - execution - INFO - [Job fe8f9043] 2026-06-25 17:08:54 - base - INFO - Epoch 48/75 - Loss: 0.059164 - Acc: 10.16% - 5.07s
2026-06-25 19:08:54 - execution - INFO - [Job fe8f9043] 2026-06-25 17:08:54 - base - INFO - Checkpoint saved at epoch 48
2026-06-25 19:08:54 - execution - INFO - [Job fe8f9043] 2026-06-25 17:08:54 - base - INFO - Epoch 49/75 - starting
2026-06-25 19:08:57 - execution - INFO - [Job fa2f78b3] 2026-06-25 17:08:57 - base - INFO - Epoch 19/75 - Loss: 0.107338 - Acc: 10.16% - 5.08s
2026-06-25 19:08:57 - execution - INFO - [Job fa2f78b3] 2026-06-25 17:08:57 - base - INFO - Checkpoint saved at epoch 19
2026-06-25 19:08:57 - execution - INFO - [Job fa2f78b3] 2026-06-25 17:08:57 - base - INFO - Epoch 20/75 - starting
2026-06-25 19:08:59 - execution - INFO - [Job fe8f9043] 2026-06-25 17:08:59 - base - INFO - Epoch 49/75 - Loss: 0.096143 - Acc: 9.77% - 5.06s
2026-06-25 19:08:59 - execution - INFO - [Job fe8f9043] 2026-06-25 17:08:59 - base - INFO - Checkpoint saved at epoch 49
2026-06-25 19:08:59 - execution - INFO - [Job fe8f9043] 2026-06-25 17:08:59 - base - INFO - Epoch 50/75 - starting
2026-06-25 19:09:03 - execution - INFO - [Job fa2f78b3] 2026-06-25 17:09:03 - base - INFO - Epoch 20/75 - Loss: 0.124744 - Acc: 10.35% - 5.30s
2026-06-25 19:09:03 - execution - INFO - [Job fa2f78b3] 2026-06-25 17:09:03 - base - INFO - Checkpoint saved at epoch 20
2026-06-25 19:09:03 - execution - INFO - [Job fa2f78b3] 2026-06-25 17:09:03 - base - INFO - Epoch 21/75 - starting
2026-06-25 19:09:04 - execution - INFO - [Job fe8f9043] 2026-06-25 17:09:04 - base - INFO - Epoch 50/75 - Loss: 0.077161 - Acc: 10.94% - 5.06s
2026-06-25 19:09:04 - execution - INFO - [Job fe8f9043] 2026-06-25 17:09:04 - base - INFO - Checkpoint saved at epoch 50
2026-06-25 19:09:04 - execution - INFO - [Job fe8f9043] 2026-06-25 17:09:04 - base - INFO - Epoch 51/75 - starting
2026-06-25 19:09:08 - execution - INFO - [Job fa2f78b3] 2026-06-25 17:09:08 - base - INFO - Epoch 21/75 - Loss: 0.185533 - Acc: 9.18% - 5.08s
2026-06-25 19:09:08 - execution - INFO - [Job fa2f78b3] 2026-06-25 17:09:08 - base - INFO - Checkpoint saved at epoch 21
2026-06-25 19:09:08 - execution - INFO - [Job fa2f78b3] 2026-06-25 17:09:08 - base - INFO - Epoch 22/75 - starting
2026-06-25 19:09:09 - execution - INFO - [Job fe8f9043] 2026-06-25 17:09:09 - base - INFO - Epoch 51/75 - Loss: 0.062651 - Acc: 9.96% - 5.09s
2026-06-25 19:09:10 - execution - INFO - [Job fe8f9043] 2026-06-25 17:09:10 - base - INFO - Checkpoint saved at epoch 51
2026-06-25 19:09:10 - execution - INFO - [Job fe8f9043] 2026-06-25 17:09:10 - base - INFO - Epoch 52/75 - starting
2026-06-25 19:09:13 - execution - INFO - [Job fa2f78b3] 2026-06-25 17:09:13 - base - INFO - Epoch 22/75 - Loss: 0.171345 - Acc: 10.16% - 5.10s
2026-06-25 19:09:13 - execution - INFO - [Job fa2f78b3] 2026-06-25 17:09:13 - base - INFO - Checkpoint saved at epoch 22
2026-06-25 19:09:13 - execution - INFO - [Job fa2f78b3] 2026-06-25 17:09:13 - base - INFO - Epoch 23/75 - starting
2026-06-25 19:09:15 - execution - INFO - [Job fe8f9043] 2026-06-25 17:09:15 - base - INFO - Epoch 52/75 - Loss: 0.057112 - Acc: 10.74% - 5.09s
2026-06-25 19:09:15 - execution - INFO - [Job fe8f9043] 2026-06-25 17:09:15 - base - INFO - Checkpoint saved at epoch 52
2026-06-25 19:09:15 - execution - INFO - [Job fe8f9043] 2026-06-25 17:09:15 - base - INFO - Epoch 53/75 - starting
2026-06-25 19:09:19 - execution - INFO - [Job fa2f78b3] 2026-06-25 17:09:19 - base - INFO - Epoch 23/75 - Loss: 0.147616 - Acc: 9.96% - 5.11s
2026-06-25 19:09:19 - execution - INFO - [Job fa2f78b3] 2026-06-25 17:09:19 - base - INFO - Checkpoint saved at epoch 23
2026-06-25 19:09:19 - execution - INFO - [Job fa2f78b3] 2026-06-25 17:09:19 - base - INFO - Epoch 24/75 - starting
2026-06-25 19:09:20 - execution - INFO - [Job fe8f9043] 2026-06-25 17:09:20 - base - INFO - Epoch 53/75 - Loss: 0.053064 - Acc: 8.79% - 5.08s
2026-06-25 19:09:20 - execution - INFO - [Job fe8f9043] 2026-06-25 17:09:20 - base - INFO - Checkpoint saved at epoch 53
2026-06-25 19:09:20 - execution - INFO - [Job fe8f9043] 2026-06-25 17:09:20 - base - INFO - Epoch 54/75 - starting
2026-06-25 19:09:24 - execution - INFO - [Job fa2f78b3] 2026-06-25 17:09:24 - base - INFO - Epoch 24/75 - Loss: 0.141599 - Acc: 7.42% - 5.09s
2026-06-25 19:09:24 - execution - INFO - [Job fa2f78b3] 2026-06-25 17:09:24 - base - INFO - Checkpoint saved at epoch 24
2026-06-25 19:09:24 - execution - INFO - [Job fa2f78b3] 2026-06-25 17:09:24 - base - INFO - Epoch 25/75 - starting
2026-06-25 19:09:25 - execution - INFO - [Job fe8f9043] 2026-06-25 17:09:25 - base - INFO - Epoch 54/75 - Loss: 0.034049 - Acc: 11.33% - 5.07s
2026-06-25 19:09:26 - execution - INFO - [Job fe8f9043] 2026-06-25 17:09:26 - base - INFO - Checkpoint saved at epoch 54
2026-06-25 19:09:26 - execution - INFO - [Job fe8f9043] 2026-06-25 17:09:26 - base - INFO - Epoch 55/75 - starting
2026-06-25 19:09:29 - execution - INFO - [Job fa2f78b3] 2026-06-25 17:09:29 - base - INFO - Epoch 25/75 - Loss: 0.107838 - Acc: 9.18% - 5.08s
2026-06-25 19:09:29 - execution - INFO - [Job fa2f78b3] 2026-06-25 17:09:29 - base - INFO - Checkpoint saved at epoch 25
2026-06-25 19:09:29 - execution - INFO - [Job fa2f78b3] 2026-06-25 17:09:29 - base - INFO - Epoch 26/75 - starting
2026-06-25 19:09:31 - execution - INFO - [Job fe8f9043] 2026-06-25 17:09:31 - base - INFO - Epoch 55/75 - Loss: 0.033381 - Acc: 8.79% - 5.05s
2026-06-25 19:09:31 - execution - INFO - [Job fe8f9043] 2026-06-25 17:09:31 - base - INFO - Checkpoint saved at epoch 55
2026-06-25 19:09:31 - execution - INFO - [Job fe8f9043] 2026-06-25 17:09:31 - base - INFO - Epoch 56/75 - starting
2026-06-25 19:09:35 - execution - INFO - [Job fa2f78b3] 2026-06-25 17:09:35 - base - INFO - Epoch 26/75 - Loss: 0.075684 - Acc: 10.35% - 5.09s
2026-06-25 19:09:35 - execution - INFO - [Job fa2f78b3] 2026-06-25 17:09:35 - base - INFO - Checkpoint saved at epoch 26
2026-06-25 19:09:35 - execution - INFO - [Job fa2f78b3] 2026-06-25 17:09:35 - base - INFO - Epoch 27/75 - starting
2026-06-25 19:09:36 - execution - INFO - [Job fe8f9043] 2026-06-25 17:09:36 - base - INFO - Epoch 56/75 - Loss: 0.040078 - Acc: 9.77% - 5.07s
2026-06-25 19:09:36 - execution - INFO - [Job fe8f9043] 2026-06-25 17:09:36 - base - INFO - Checkpoint saved at epoch 56
2026-06-25 19:09:36 - execution - INFO - [Job fe8f9043] 2026-06-25 17:09:36 - base - INFO - Epoch 57/75 - starting
2026-06-25 19:09:40 - execution - INFO - [Job fa2f78b3] 2026-06-25 17:09:40 - base - INFO - Epoch 27/75 - Loss: 0.085767 - Acc: 10.94% - 5.08s
2026-06-25 19:09:40 - execution - INFO - [Job fa2f78b3] 2026-06-25 17:09:40 - base - INFO - Checkpoint saved at epoch 27
2026-06-25 19:09:40 - execution - INFO - [Job fa2f78b3] 2026-06-25 17:09:40 - base - INFO - Epoch 28/75 - starting
2026-06-25 19:09:41 - execution - INFO - [Job fe8f9043] 2026-06-25 17:09:41 - base - INFO - Epoch 57/75 - Loss: 0.063905 - Acc: 8.79% - 5.06s
2026-06-25 19:09:42 - execution - INFO - [Job fe8f9043] 2026-06-25 17:09:42 - base - INFO - Checkpoint saved at epoch 57
2026-06-25 19:09:42 - execution - INFO - [Job fe8f9043] 2026-06-25 17:09:42 - base - INFO - Epoch 58/75 - starting
2026-06-25 19:09:45 - execution - INFO - [Job fa2f78b3] 2026-06-25 17:09:45 - base - INFO - Epoch 28/75 - Loss: 0.093153 - Acc: 10.74% - 5.08s
2026-06-25 19:09:45 - execution - INFO - [Job fa2f78b3] 2026-06-25 17:09:45 - base - INFO - Checkpoint saved at epoch 28
2026-06-25 19:09:45 - execution - INFO - [Job fa2f78b3] 2026-06-25 17:09:45 - base - INFO - Epoch 29/75 - starting
2026-06-25 19:09:47 - execution - INFO - [Job fe8f9043] 2026-06-25 17:09:47 - base - INFO - Epoch 58/75 - Loss: 0.096732 - Acc: 9.77% - 5.06s
2026-06-25 19:09:47 - execution - INFO - [Job fe8f9043] 2026-06-25 17:09:47 - base - INFO - Checkpoint saved at epoch 58
2026-06-25 19:09:47 - execution - INFO - [Job fe8f9043] 2026-06-25 17:09:47 - base - INFO - Epoch 59/75 - starting
2026-06-25 19:09:51 - execution - INFO - [Job fa2f78b3] 2026-06-25 17:09:51 - base - INFO - Epoch 29/75 - Loss: 0.112486 - Acc: 12.11% - 5.08s
2026-06-25 19:09:51 - execution - INFO - [Job fa2f78b3] 2026-06-25 17:09:51 - base - INFO - Checkpoint saved at epoch 29
2026-06-25 19:09:51 - execution - INFO - [Job fa2f78b3] 2026-06-25 17:09:51 - base - INFO - Epoch 30/75 - starting
2026-06-25 19:09:52 - execution - INFO - [Job fe8f9043] 2026-06-25 17:09:52 - base - INFO - Epoch 59/75 - Loss: 0.107119 - Acc: 10.94% - 5.06s
2026-06-25 19:09:52 - execution - INFO - [Job fe8f9043] 2026-06-25 17:09:52 - base - INFO - Checkpoint saved at epoch 59
2026-06-25 19:09:52 - execution - INFO - [Job fe8f9043] 2026-06-25 17:09:52 - base - INFO - Epoch 60/75 - starting
2026-06-25 19:09:56 - execution - INFO - [Job fa2f78b3] 2026-06-25 17:09:56 - base - INFO - Epoch 30/75 - Loss: 0.138856 - Acc: 10.35% - 5.08s
2026-06-25 19:09:56 - execution - INFO - [Job fa2f78b3] 2026-06-25 17:09:56 - base - INFO - Checkpoint saved at epoch 30
2026-06-25 19:09:56 - execution - INFO - [Job fa2f78b3] 2026-06-25 17:09:56 - base - INFO - Epoch 31/75 - starting
2026-06-25 19:09:57 - execution - INFO - [Job fe8f9043] 2026-06-25 17:09:57 - base - INFO - Epoch 60/75 - Loss: 0.099004 - Acc: 10.55% - 5.06s
2026-06-25 19:09:58 - execution - INFO - [Job fe8f9043] 2026-06-25 17:09:58 - base - INFO - Checkpoint saved at epoch 60
2026-06-25 19:09:58 - execution - INFO - [Job fe8f9043] 2026-06-25 17:09:58 - base - INFO - Epoch 61/75 - starting
2026-06-25 19:10:01 - execution - INFO - [Job fa2f78b3] 2026-06-25 17:10:01 - base - INFO - Epoch 31/75 - Loss: 0.133109 - Acc: 11.72% - 5.08s
2026-06-25 19:10:01 - execution - INFO - [Job fa2f78b3] 2026-06-25 17:10:01 - base - INFO - Checkpoint saved at epoch 31
2026-06-25 19:10:01 - execution - INFO - [Job fa2f78b3] 2026-06-25 17:10:01 - base - INFO - Epoch 32/75 - starting
2026-06-25 19:10:03 - execution - INFO - [Job fe8f9043] 2026-06-25 17:10:03 - base - INFO - Epoch 61/75 - Loss: 0.053827 - Acc: 9.77% - 5.06s
2026-06-25 19:10:03 - execution - INFO - [Job fe8f9043] 2026-06-25 17:10:03 - base - INFO - Checkpoint saved at epoch 61
2026-06-25 19:10:03 - execution - INFO - [Job fe8f9043] 2026-06-25 17:10:03 - base - INFO - Epoch 62/75 - starting
2026-06-25 19:10:07 - execution - INFO - [Job fa2f78b3] 2026-06-25 17:10:07 - base - INFO - Epoch 32/75 - Loss: 0.159216 - Acc: 10.16% - 5.11s
2026-06-25 19:10:07 - execution - INFO - [Job fa2f78b3] 2026-06-25 17:10:07 - base - INFO - Checkpoint saved at epoch 32
2026-06-25 19:10:07 - execution - INFO - [Job fa2f78b3] 2026-06-25 17:10:07 - base - INFO - Epoch 33/75 - starting
2026-06-25 19:10:08 - execution - INFO - [Job fe8f9043] 2026-06-25 17:10:08 - base - INFO - Epoch 62/75 - Loss: 0.055074 - Acc: 10.55% - 5.07s
2026-06-25 19:10:08 - execution - INFO - [Job fe8f9043] 2026-06-25 17:10:08 - base - INFO - Checkpoint saved at epoch 62
2026-06-25 19:10:08 - execution - INFO - [Job fe8f9043] 2026-06-25 17:10:08 - base - INFO - Epoch 63/75 - starting
2026-06-25 19:10:12 - execution - INFO - [Job fa2f78b3] 2026-06-25 17:10:12 - base - INFO - Epoch 33/75 - Loss: 0.103262 - Acc: 9.77% - 5.09s
2026-06-25 19:10:12 - execution - INFO - [Job fa2f78b3] 2026-06-25 17:10:12 - base - INFO - Checkpoint saved at epoch 33
2026-06-25 19:10:12 - execution - INFO - [Job fa2f78b3] 2026-06-25 17:10:12 - base - INFO - Epoch 34/75 - starting
2026-06-25 19:10:13 - execution - INFO - [Job fe8f9043] 2026-06-25 17:10:13 - base - INFO - Epoch 63/75 - Loss: 0.055781 - Acc: 8.98% - 5.08s
2026-06-25 19:10:14 - execution - INFO - [Job fe8f9043] 2026-06-25 17:10:14 - base - INFO - Checkpoint saved at epoch 63
2026-06-25 19:10:14 - execution - INFO - [Job fe8f9043] 2026-06-25 17:10:14 - base - INFO - Epoch 64/75 - starting
2026-06-25 19:10:17 - execution - INFO - [Job fa2f78b3] 2026-06-25 17:10:17 - base - INFO - Epoch 34/75 - Loss: 0.068591 - Acc: 8.40% - 5.08s
2026-06-25 19:10:17 - execution - INFO - [Job fa2f78b3] 2026-06-25 17:10:17 - base - INFO - Checkpoint saved at epoch 34
2026-06-25 19:10:17 - execution - INFO - [Job fa2f78b3] 2026-06-25 17:10:17 - base - INFO - Epoch 35/75 - starting
2026-06-25 19:10:19 - execution - INFO - [Job fe8f9043] 2026-06-25 17:10:19 - base - INFO - Epoch 64/75 - Loss: 0.032461 - Acc: 10.35% - 5.08s
2026-06-25 19:10:19 - execution - INFO - [Job fe8f9043] 2026-06-25 17:10:19 - base - INFO - Checkpoint saved at epoch 64
2026-06-25 19:10:19 - execution - INFO - [Job fe8f9043] 2026-06-25 17:10:19 - base - INFO - Epoch 65/75 - starting
2026-06-25 19:10:23 - execution - INFO - [Job fa2f78b3] 2026-06-25 17:10:23 - base - INFO - Epoch 35/75 - Loss: 0.045930 - Acc: 11.72% - 5.08s
2026-06-25 19:10:23 - execution - INFO - [Job fa2f78b3] 2026-06-25 17:10:23 - base - INFO - Checkpoint saved at epoch 35
2026-06-25 19:10:23 - execution - INFO - [Job fa2f78b3] 2026-06-25 17:10:23 - base - INFO - Epoch 36/75 - starting
2026-06-25 19:10:24 - execution - INFO - [Job fe8f9043] 2026-06-25 17:10:24 - base - INFO - Epoch 65/75 - Loss: 0.030852 - Acc: 8.59% - 5.07s
2026-06-25 19:10:24 - execution - INFO - [Job fe8f9043] 2026-06-25 17:10:24 - base - INFO - Checkpoint saved at epoch 65
2026-06-25 19:10:24 - execution - INFO - [Job fe8f9043] 2026-06-25 17:10:24 - base - INFO - Epoch 66/75 - starting
2026-06-25 19:10:28 - execution - INFO - [Job fa2f78b3] 2026-06-25 17:10:28 - base - INFO - Epoch 36/75 - Loss: 0.049888 - Acc: 9.18% - 5.08s
2026-06-25 19:10:28 - execution - INFO - [Job fa2f78b3] 2026-06-25 17:10:28 - base - INFO - Checkpoint saved at epoch 36
2026-06-25 19:10:28 - execution - INFO - [Job fa2f78b3] 2026-06-25 17:10:28 - base - INFO - Epoch 37/75 - starting
2026-06-25 19:10:29 - execution - INFO - [Job fe8f9043] 2026-06-25 17:10:29 - base - INFO - Epoch 66/75 - Loss: 0.029592 - Acc: 10.55% - 5.07s
2026-06-25 19:10:29 - execution - INFO - [Job fe8f9043] 2026-06-25 17:10:29 - base - INFO - Checkpoint saved at epoch 66
2026-06-25 19:10:29 - execution - INFO - [Job fe8f9043] 2026-06-25 17:10:29 - base - INFO - Epoch 67/75 - starting
2026-06-25 19:10:33 - execution - INFO - [Job fa2f78b3] 2026-06-25 17:10:33 - base - INFO - Epoch 37/75 - Loss: 0.053146 - Acc: 8.20% - 5.08s
2026-06-25 19:10:33 - execution - INFO - [Job fa2f78b3] 2026-06-25 17:10:33 - base - INFO - Checkpoint saved at epoch 37
2026-06-25 19:10:33 - execution - INFO - [Job fa2f78b3] 2026-06-25 17:10:33 - base - INFO - Epoch 38/75 - starting
2026-06-25 19:10:35 - execution - INFO - [Job fe8f9043] 2026-06-25 17:10:35 - base - INFO - Epoch 67/75 - Loss: 0.024936 - Acc: 9.38% - 5.07s
2026-06-25 19:10:35 - execution - INFO - [Job fe8f9043] 2026-06-25 17:10:35 - base - INFO - Checkpoint saved at epoch 67
2026-06-25 19:10:35 - execution - INFO - [Job fe8f9043] 2026-06-25 17:10:35 - base - INFO - Epoch 68/75 - starting
2026-06-25 19:10:38 - execution - INFO - [Job fa2f78b3] 2026-06-25 17:10:38 - base - INFO - Epoch 38/75 - Loss: 0.066775 - Acc: 9.77% - 5.08s
2026-06-25 19:10:39 - execution - INFO - [Job fa2f78b3] 2026-06-25 17:10:39 - base - INFO - Checkpoint saved at epoch 38
2026-06-25 19:10:39 - execution - INFO - [Job fa2f78b3] 2026-06-25 17:10:39 - base - INFO - Epoch 39/75 - starting
2026-06-25 19:10:40 - execution - INFO - [Job fe8f9043] 2026-06-25 17:10:40 - base - INFO - Epoch 68/75 - Loss: 0.027954 - Acc: 9.57% - 5.06s
2026-06-25 19:10:40 - execution - INFO - [Job fe8f9043] 2026-06-25 17:10:40 - base - INFO - Checkpoint saved at epoch 68
2026-06-25 19:10:40 - execution - INFO - [Job fe8f9043] 2026-06-25 17:10:40 - base - INFO - Epoch 69/75 - starting
2026-06-25 19:10:44 - execution - INFO - [Job fa2f78b3] 2026-06-25 17:10:44 - base - INFO - Epoch 39/75 - Loss: 0.094930 - Acc: 11.72% - 5.07s
2026-06-25 19:10:44 - execution - INFO - [Job fa2f78b3] 2026-06-25 17:10:44 - base - INFO - Checkpoint saved at epoch 39
2026-06-25 19:10:44 - execution - INFO - [Job fa2f78b3] 2026-06-25 17:10:44 - base - INFO - Epoch 40/75 - starting
2026-06-25 19:10:45 - execution - INFO - [Job fe8f9043] 2026-06-25 17:10:45 - base - INFO - Epoch 69/75 - Loss: 0.025561 - Acc: 9.38% - 5.06s
2026-06-25 19:10:45 - execution - INFO - [Job fe8f9043] 2026-06-25 17:10:45 - base - INFO - Checkpoint saved at epoch 69
2026-06-25 19:10:45 - execution - INFO - [Job fe8f9043] 2026-06-25 17:10:45 - base - INFO - Epoch 70/75 - starting
2026-06-25 19:10:49 - execution - INFO - [Job fa2f78b3] 2026-06-25 17:10:49 - base - INFO - Epoch 40/75 - Loss: 0.093798 - Acc: 11.91% - 5.09s
2026-06-25 19:10:49 - execution - INFO - [Job fa2f78b3] 2026-06-25 17:10:49 - base - INFO - Checkpoint saved at epoch 40
2026-06-25 19:10:49 - execution - INFO - [Job fa2f78b3] 2026-06-25 17:10:49 - base - INFO - Epoch 41/75 - starting
2026-06-25 19:10:51 - execution - INFO - [Job fe8f9043] 2026-06-25 17:10:51 - base - INFO - Epoch 70/75 - Loss: 0.045969 - Acc: 9.57% - 5.19s
2026-06-25 19:10:51 - execution - INFO - [Job fe8f9043] 2026-06-25 17:10:51 - base - INFO - Checkpoint saved at epoch 70
2026-06-25 19:10:51 - execution - INFO - [Job fe8f9043] 2026-06-25 17:10:51 - base - INFO - Epoch 71/75 - starting
2026-06-25 19:10:54 - execution - INFO - [Job fa2f78b3] 2026-06-25 17:10:54 - base - INFO - Epoch 41/75 - Loss: 0.091103 - Acc: 9.77% - 5.09s
2026-06-25 19:10:55 - execution - INFO - [Job fa2f78b3] 2026-06-25 17:10:55 - base - INFO - Checkpoint saved at epoch 41
2026-06-25 19:10:55 - execution - INFO - [Job fa2f78b3] 2026-06-25 17:10:55 - base - INFO - Epoch 42/75 - starting
2026-06-25 19:10:56 - execution - INFO - [Job fe8f9043] 2026-06-25 17:10:56 - base - INFO - Epoch 71/75 - Loss: 0.071993 - Acc: 10.35% - 5.08s
2026-06-25 19:10:56 - execution - INFO - [Job fe8f9043] 2026-06-25 17:10:56 - base - INFO - Checkpoint saved at epoch 71
2026-06-25 19:10:56 - execution - INFO - [Job fe8f9043] 2026-06-25 17:10:56 - base - INFO - Epoch 72/75 - starting
2026-06-25 19:11:00 - execution - INFO - [Job fa2f78b3] 2026-06-25 17:11:00 - base - INFO - Epoch 42/75 - Loss: 0.105218 - Acc: 9.77% - 5.09s
2026-06-25 19:11:00 - execution - INFO - [Job fa2f78b3] 2026-06-25 17:11:00 - base - INFO - Checkpoint saved at epoch 42
2026-06-25 19:11:00 - execution - INFO - [Job fa2f78b3] 2026-06-25 17:11:00 - base - INFO - Epoch 43/75 - starting
2026-06-25 19:11:01 - execution - INFO - [Job fe8f9043] 2026-06-25 17:11:01 - base - INFO - Epoch 72/75 - Loss: 0.076155 - Acc: 8.98% - 5.07s
2026-06-25 19:11:01 - execution - INFO - [Job fe8f9043] 2026-06-25 17:11:01 - base - INFO - Checkpoint saved at epoch 72
2026-06-25 19:11:01 - execution - INFO - [Job fe8f9043] 2026-06-25 17:11:01 - base - INFO - Epoch 73/75 - starting
2026-06-25 19:11:05 - execution - INFO - [Job fa2f78b3] 2026-06-25 17:11:05 - base - INFO - Epoch 43/75 - Loss: 0.079368 - Acc: 10.55% - 5.10s
2026-06-25 19:11:05 - execution - INFO - [Job fa2f78b3] 2026-06-25 17:11:05 - base - INFO - Checkpoint saved at epoch 43
2026-06-25 19:11:05 - execution - INFO - [Job fa2f78b3] 2026-06-25 17:11:05 - base - INFO - Epoch 44/75 - starting
2026-06-25 19:11:07 - execution - INFO - [Job fe8f9043] 2026-06-25 17:11:07 - base - INFO - Epoch 73/75 - Loss: 0.069192 - Acc: 10.94% - 5.07s
2026-06-25 19:11:07 - execution - INFO - [Job fe8f9043] 2026-06-25 17:11:07 - base - INFO - Checkpoint saved at epoch 73
2026-06-25 19:11:07 - execution - INFO - [Job fe8f9043] 2026-06-25 17:11:07 - base - INFO - Epoch 74/75 - starting
2026-06-25 19:11:10 - execution - INFO - [Job fa2f78b3] 2026-06-25 17:11:10 - base - INFO - Epoch 44/75 - Loss: 0.069667 - Acc: 11.52% - 5.09s
2026-06-25 19:11:11 - execution - INFO - [Job fa2f78b3] 2026-06-25 17:11:11 - base - INFO - Checkpoint saved at epoch 44
2026-06-25 19:11:11 - execution - INFO - [Job fa2f78b3] 2026-06-25 17:11:11 - base - INFO - Epoch 45/75 - starting
2026-06-25 19:11:12 - execution - INFO - [Job fe8f9043] 2026-06-25 17:11:12 - base - INFO - Epoch 74/75 - Loss: 0.062267 - Acc: 10.55% - 5.06s
2026-06-25 19:11:12 - execution - INFO - [Job fe8f9043] 2026-06-25 17:11:12 - base - INFO - Checkpoint saved at epoch 74
2026-06-25 19:11:12 - execution - INFO - [Job fe8f9043] 2026-06-25 17:11:12 - base - INFO - Epoch 75/75 - starting
2026-06-25 19:11:16 - execution - INFO - [Job fa2f78b3] 2026-06-25 17:11:16 - base - INFO - Epoch 45/75 - Loss: 0.048873 - Acc: 10.16% - 5.08s
2026-06-25 19:11:16 - execution - INFO - [Job fa2f78b3] 2026-06-25 17:11:16 - base - INFO - Checkpoint saved at epoch 45
2026-06-25 19:11:16 - execution - INFO - [Job fa2f78b3] 2026-06-25 17:11:16 - base - INFO - Epoch 46/75 - starting
2026-06-25 19:11:17 - execution - INFO - [Job fe8f9043] 2026-06-25 17:11:17 - base - INFO - Epoch 75/75 - Loss: 0.048961 - Acc: 10.74% - 5.06s
2026-06-25 19:11:17 - execution - INFO - [Job fe8f9043] 2026-06-25 17:11:17 - base - INFO - Checkpoint saved at epoch 75
2026-06-25 19:11:17 - execution - INFO - [Job fe8f9043] 2026-06-25 17:11:17 - base - INFO - Training completed! Final epoch: 75
2026-06-25 19:11:21 - execution - INFO - [Job fa2f78b3] 2026-06-25 17:11:21 - base - INFO - Epoch 46/75 - Loss: 0.069187 - Acc: 9.77% - 5.07s
2026-06-25 19:11:21 - execution - INFO - [Job fa2f78b3] 2026-06-25 17:11:21 - base - INFO - Checkpoint saved at epoch 46
2026-06-25 19:11:21 - execution - INFO - [Job fa2f78b3] 2026-06-25 17:11:21 - base - INFO - Epoch 47/75 - starting
2026-06-25 19:11:24 - execution - INFO - Job fe8f9043 completed successfully
2026-06-25 19:11:24 - execution - INFO - GPU allocator: job fe8f9043 releases indices [0]
INFO:     131.175.15.40:34022 - "POST /jobs/2a474f42-a8f8-4b8c-870d-3292ffa8e1f9/run HTTP/1.1" 202 Accepted
2026-06-25 19:11:26 - execution - INFO - [Job fa2f78b3] 2026-06-25 17:11:26 - base - INFO - Epoch 47/75 - Loss: 0.066580 - Acc: 9.77% - 5.06s
2026-06-25 19:11:27 - execution - INFO - [Job fa2f78b3] 2026-06-25 17:11:27 - base - INFO - Checkpoint saved at epoch 47
2026-06-25 19:11:27 - execution - INFO - [Job fa2f78b3] 2026-06-25 17:11:27 - base - INFO - Epoch 48/75 - starting
2026-06-25 19:11:31 - execution - INFO - GPU allocator: job 2a474f42 claims indices [0]
2026-06-25 19:11:31 - execution - INFO - Starting job 2a474f42: docker run --rm --name ijm-2a474f42 --device nvidia.com/gpu=0 --user 0:0 -e USER=root -e HOME=/tmp --dns 8.8.8.8 --dns 1.1.1.1 -v /home/wangrat/ijm/data/checkpoints/2a474f42-a8f8-4b8c-870d-3292ffa8e1f9:/checkpoints -v /home/wangrat/ijm/data/runs/2a474f42-a8f8-4b8c-870d-3292ffa8e1f9:/runs -v /home/wangrat/ijm/data/datasets:/runs/data:ro -e OMP_NUM_THREADS=1 -e OPENBLAS_NUM_THREADS=1 -e MKL_NUM_THREADS=1 -e EPOCHS_TOTAL=200 wangrat/ijm-cnn_big:latest
INFO:     131.175.15.40:34026 - "GET /jobs/2a474f42-a8f8-4b8c-870d-3292ffa8e1f9/logs HTTP/1.1" 200 OK
2026-06-25 19:11:32 - execution - INFO - [Job fa2f78b3] 2026-06-25 17:11:32 - base - INFO - Epoch 48/75 - Loss: 0.065923 - Acc: 11.52% - 5.06s
2026-06-25 19:11:32 - execution - INFO - [Job fa2f78b3] 2026-06-25 17:11:32 - base - INFO - Checkpoint saved at epoch 48
2026-06-25 19:11:32 - execution - INFO - [Job fa2f78b3] 2026-06-25 17:11:32 - base - INFO - Epoch 49/75 - starting
2026-06-25 19:11:33 - execution - INFO - [Job 2a474f42] 2026-06-25 17:11:33 - __main__ - INFO - ============================================================
2026-06-25 19:11:33 - execution - INFO - [Job 2a474f42] 2026-06-25 17:11:33 - __main__ - INFO - Starting cnn_big v2 training (synthetic 128x128x3, deep CNN)
2026-06-25 19:11:33 - execution - INFO - [Job 2a474f42] 2026-06-25 17:11:33 - __main__ - INFO - ============================================================
2026-06-25 19:11:33 - execution - INFO - [Job 2a474f42] 2026-06-25 17:11:33 - base - INFO - Using device: cuda
2026-06-25 19:11:34 - execution - INFO - [Job 2a474f42] 2026-06-25 17:11:34 - base - INFO - Loading checkpoint from /checkpoints/latest.pt
2026-06-25 19:11:36 - execution - INFO - [Job 2a474f42] 2026-06-25 17:11:36 - base - INFO - Resumed from epoch 3 (best acc: 12.30%)
2026-06-25 19:11:36 - execution - INFO - [Job 2a474f42] 2026-06-25 17:11:36 - base - INFO - Config: epochs_total=200, batch_size=32
2026-06-25 19:11:36 - execution - INFO - [Job 2a474f42] 2026-06-25 17:11:36 - base - INFO - Starting training from epoch 3 to 200
2026-06-25 19:11:36 - execution - INFO - [Job 2a474f42] 2026-06-25 17:11:36 - base - INFO - Epoch 4/200 - starting
2026-06-25 19:11:37 - execution - INFO - [Job fa2f78b3] 2026-06-25 17:11:37 - base - INFO - Epoch 49/75 - Loss: 0.056280 - Acc: 10.74% - 5.10s
2026-06-25 19:11:37 - execution - INFO - [Job fa2f78b3] 2026-06-25 17:11:37 - base - INFO - Checkpoint saved at epoch 49
2026-06-25 19:11:37 - execution - INFO - [Job fa2f78b3] 2026-06-25 17:11:37 - base - INFO - Epoch 50/75 - starting
2026-06-25 19:11:41 - execution - INFO - [Job 2a474f42] 2026-06-25 17:11:41 - base - INFO - Epoch 4/200 - Loss: 2.309994 - Acc: 8.79% - 5.34s
2026-06-25 19:11:41 - execution - INFO - [Job 2a474f42] 2026-06-25 17:11:41 - base - INFO - Checkpoint saved at epoch 4
2026-06-25 19:11:41 - execution - INFO - [Job 2a474f42] 2026-06-25 17:11:41 - base - INFO - Epoch 5/200 - starting
2026-06-25 19:11:42 - execution - INFO - [Job fa2f78b3] 2026-06-25 17:11:42 - base - INFO - Epoch 50/75 - Loss: 0.088693 - Acc: 9.57% - 5.08s
2026-06-25 19:11:42 - execution - INFO - [Job fa2f78b3] 2026-06-25 17:11:42 - base - INFO - Checkpoint saved at epoch 50
2026-06-25 19:11:42 - execution - INFO - [Job fa2f78b3] 2026-06-25 17:11:42 - base - INFO - Epoch 51/75 - starting
2026-06-25 19:11:46 - execution - INFO - [Job 2a474f42] 2026-06-25 17:11:46 - base - INFO - Epoch 5/200 - Loss: 2.296447 - Acc: 10.35% - 5.05s
2026-06-25 19:11:46 - execution - INFO - [Job 2a474f42] 2026-06-25 17:11:46 - base - INFO - Checkpoint saved at epoch 5
2026-06-25 19:11:46 - execution - INFO - [Job 2a474f42] 2026-06-25 17:11:46 - base - INFO - Epoch 6/200 - starting
2026-06-25 19:11:48 - execution - INFO - [Job fa2f78b3] 2026-06-25 17:11:48 - base - INFO - Epoch 51/75 - Loss: 0.086619 - Acc: 10.16% - 5.08s
2026-06-25 19:11:48 - execution - INFO - [Job fa2f78b3] 2026-06-25 17:11:48 - base - INFO - Checkpoint saved at epoch 51
2026-06-25 19:11:48 - execution - INFO - [Job fa2f78b3] 2026-06-25 17:11:48 - base - INFO - Epoch 52/75 - starting
2026-06-25 19:11:51 - execution - INFO - [Job 2a474f42] 2026-06-25 17:11:51 - base - INFO - Epoch 6/200 - Loss: 2.252882 - Acc: 10.16% - 5.06s
2026-06-25 19:11:52 - execution - INFO - [Job 2a474f42] 2026-06-25 17:11:52 - base - INFO - Checkpoint saved at epoch 6
2026-06-25 19:11:52 - execution - INFO - [Job 2a474f42] 2026-06-25 17:11:52 - base - INFO - Epoch 7/200 - starting
2026-06-25 19:11:53 - execution - INFO - [Job fa2f78b3] 2026-06-25 17:11:53 - base - INFO - Epoch 52/75 - Loss: 0.097879 - Acc: 11.33% - 5.08s
2026-06-25 19:11:53 - execution - INFO - [Job fa2f78b3] 2026-06-25 17:11:53 - base - INFO - Checkpoint saved at epoch 52
2026-06-25 19:11:53 - execution - INFO - [Job fa2f78b3] 2026-06-25 17:11:53 - base - INFO - Epoch 53/75 - starting
2026-06-25 19:11:57 - execution - INFO - [Job 2a474f42] 2026-06-25 17:11:57 - base - INFO - Epoch 7/200 - Loss: 2.139735 - Acc: 10.16% - 5.06s
2026-06-25 19:11:57 - execution - INFO - [Job 2a474f42] 2026-06-25 17:11:57 - base - INFO - Checkpoint saved at epoch 7
2026-06-25 19:11:57 - execution - INFO - [Job 2a474f42] 2026-06-25 17:11:57 - base - INFO - Epoch 8/200 - starting
2026-06-25 19:11:58 - execution - INFO - [Job fa2f78b3] 2026-06-25 17:11:58 - base - INFO - Epoch 53/75 - Loss: 0.081889 - Acc: 11.13% - 5.08s
2026-06-25 19:11:58 - execution - INFO - [Job fa2f78b3] 2026-06-25 17:11:58 - base - INFO - Checkpoint saved at epoch 53
2026-06-25 19:11:58 - execution - INFO - [Job fa2f78b3] 2026-06-25 17:11:58 - base - INFO - Epoch 54/75 - starting
2026-06-25 19:12:02 - execution - INFO - [Job 2a474f42] 2026-06-25 17:12:02 - base - INFO - Epoch 8/200 - Loss: 1.941297 - Acc: 9.96% - 5.06s
2026-06-25 19:12:02 - execution - INFO - [Job 2a474f42] 2026-06-25 17:12:02 - base - INFO - Checkpoint saved at epoch 8
2026-06-25 19:12:02 - execution - INFO - [Job 2a474f42] 2026-06-25 17:12:02 - base - INFO - Epoch 9/200 - starting
2026-06-25 19:12:03 - execution - INFO - [Job fa2f78b3] 2026-06-25 17:12:03 - base - INFO - Epoch 54/75 - Loss: 0.058385 - Acc: 10.55% - 5.09s
2026-06-25 19:12:04 - execution - INFO - [Job fa2f78b3] 2026-06-25 17:12:04 - base - INFO - Checkpoint saved at epoch 54
2026-06-25 19:12:04 - execution - INFO - [Job fa2f78b3] 2026-06-25 17:12:04 - base - INFO - Epoch 55/75 - starting
2026-06-25 19:12:07 - execution - INFO - [Job 2a474f42] 2026-06-25 17:12:07 - base - INFO - Epoch 9/200 - Loss: 1.655232 - Acc: 9.77% - 5.07s
2026-06-25 19:12:08 - execution - INFO - [Job 2a474f42] 2026-06-25 17:12:08 - base - INFO - Checkpoint saved at epoch 9
2026-06-25 19:12:08 - execution - INFO - [Job 2a474f42] 2026-06-25 17:12:08 - base - INFO - Epoch 10/200 - starting
2026-06-25 19:12:09 - execution - INFO - [Job fa2f78b3] 2026-06-25 17:12:09 - base - INFO - Epoch 55/75 - Loss: 0.047586 - Acc: 10.35% - 5.09s
2026-06-25 19:12:09 - execution - INFO - [Job fa2f78b3] 2026-06-25 17:12:09 - base - INFO - Checkpoint saved at epoch 55
2026-06-25 19:12:09 - execution - INFO - [Job fa2f78b3] 2026-06-25 17:12:09 - base - INFO - Epoch 56/75 - starting
2026-06-25 19:12:13 - execution - INFO - [Job 2a474f42] 2026-06-25 17:12:13 - base - INFO - Epoch 10/200 - Loss: 1.348301 - Acc: 9.96% - 5.06s
2026-06-25 19:12:13 - execution - INFO - [Job 2a474f42] 2026-06-25 17:12:13 - base - INFO - Checkpoint saved at epoch 10
2026-06-25 19:12:13 - execution - INFO - [Job 2a474f42] 2026-06-25 17:12:13 - base - INFO - Epoch 11/200 - starting
2026-06-25 19:12:14 - execution - INFO - [Job fa2f78b3] 2026-06-25 17:12:14 - base - INFO - Epoch 56/75 - Loss: 0.032938 - Acc: 8.01% - 5.08s
2026-06-25 19:12:15 - execution - INFO - [Job fa2f78b3] 2026-06-25 17:12:15 - base - INFO - Checkpoint saved at epoch 56
2026-06-25 19:12:15 - execution - INFO - [Job fa2f78b3] 2026-06-25 17:12:15 - base - INFO - Epoch 57/75 - starting
2026-06-25 19:12:18 - execution - INFO - [Job 2a474f42] 2026-06-25 17:12:18 - base - INFO - Epoch 11/200 - Loss: 1.031493 - Acc: 12.30% - 5.06s
2026-06-25 19:12:18 - execution - INFO - [Job 2a474f42] 2026-06-25 17:12:18 - base - INFO - Checkpoint saved at epoch 11
2026-06-25 19:12:18 - execution - INFO - [Job 2a474f42] 2026-06-25 17:12:18 - base - INFO - Epoch 12/200 - starting
2026-06-25 19:12:20 - execution - INFO - [Job fa2f78b3] 2026-06-25 17:12:20 - base - INFO - Epoch 57/75 - Loss: 0.035869 - Acc: 10.55% - 5.08s
2026-06-25 19:12:20 - execution - INFO - [Job fa2f78b3] 2026-06-25 17:12:20 - base - INFO - Checkpoint saved at epoch 57
2026-06-25 19:12:20 - execution - INFO - [Job fa2f78b3] 2026-06-25 17:12:20 - base - INFO - Epoch 58/75 - starting
2026-06-25 19:12:23 - execution - INFO - [Job 2a474f42] 2026-06-25 17:12:23 - base - INFO - Epoch 12/200 - Loss: 0.693663 - Acc: 9.18% - 5.07s
2026-06-25 19:12:23 - execution - INFO - [Job 2a474f42] 2026-06-25 17:12:23 - base - INFO - Checkpoint saved at epoch 12
2026-06-25 19:12:23 - execution - INFO - [Job 2a474f42] 2026-06-25 17:12:23 - base - INFO - Epoch 13/200 - starting
2026-06-25 19:12:25 - execution - INFO - [Job fa2f78b3] 2026-06-25 17:12:25 - base - INFO - Epoch 58/75 - Loss: 0.020006 - Acc: 10.74% - 5.08s
2026-06-25 19:12:25 - execution - INFO - [Job fa2f78b3] 2026-06-25 17:12:25 - base - INFO - Checkpoint saved at epoch 58
2026-06-25 19:12:25 - execution - INFO - [Job fa2f78b3] 2026-06-25 17:12:25 - base - INFO - Epoch 59/75 - starting
2026-06-25 19:12:28 - execution - INFO - [Job 2a474f42] 2026-06-25 17:12:28 - base - INFO - Epoch 13/200 - Loss: 0.514797 - Acc: 11.33% - 5.06s
2026-06-25 19:12:29 - execution - INFO - [Job 2a474f42] 2026-06-25 17:12:29 - base - INFO - Checkpoint saved at epoch 13
2026-06-25 19:12:29 - execution - INFO - [Job 2a474f42] 2026-06-25 17:12:29 - base - INFO - Epoch 14/200 - starting
2026-06-25 19:12:30 - execution - INFO - [Job fa2f78b3] 2026-06-25 17:12:30 - base - INFO - Epoch 59/75 - Loss: 0.036660 - Acc: 8.79% - 5.09s
2026-06-25 19:12:31 - execution - INFO - [Job fa2f78b3] 2026-06-25 17:12:31 - base - INFO - Checkpoint saved at epoch 59
2026-06-25 19:12:31 - execution - INFO - [Job fa2f78b3] 2026-06-25 17:12:31 - base - INFO - Epoch 60/75 - starting
2026-06-25 19:12:34 - execution - INFO - [Job 2a474f42] 2026-06-25 17:12:34 - base - INFO - Epoch 14/200 - Loss: 0.354472 - Acc: 10.16% - 5.07s
2026-06-25 19:12:34 - execution - INFO - [Job 2a474f42] 2026-06-25 17:12:34 - base - INFO - Checkpoint saved at epoch 14
2026-06-25 19:12:34 - execution - INFO - [Job 2a474f42] 2026-06-25 17:12:34 - base - INFO - Epoch 15/200 - starting
2026-06-25 19:12:36 - execution - INFO - [Job fa2f78b3] 2026-06-25 17:12:36 - base - INFO - Epoch 60/75 - Loss: 0.044480 - Acc: 9.77% - 5.09s
2026-06-25 19:12:36 - execution - INFO - [Job fa2f78b3] 2026-06-25 17:12:36 - base - INFO - Checkpoint saved at epoch 60
2026-06-25 19:12:36 - execution - INFO - [Job fa2f78b3] 2026-06-25 17:12:36 - base - INFO - Epoch 61/75 - starting
2026-06-25 19:12:39 - execution - INFO - [Job 2a474f42] 2026-06-25 17:12:39 - base - INFO - Epoch 15/200 - Loss: 0.284557 - Acc: 9.18% - 5.08s
2026-06-25 19:12:39 - execution - INFO - [Job 2a474f42] 2026-06-25 17:12:39 - base - INFO - Checkpoint saved at epoch 15
2026-06-25 19:12:39 - execution - INFO - [Job 2a474f42] 2026-06-25 17:12:39 - base - INFO - Epoch 16/200 - starting
2026-06-25 19:12:41 - execution - INFO - [Job fa2f78b3] 2026-06-25 17:12:41 - base - INFO - Epoch 61/75 - Loss: 0.059312 - Acc: 9.96% - 5.08s
2026-06-25 19:12:41 - execution - INFO - [Job fa2f78b3] 2026-06-25 17:12:41 - base - INFO - Checkpoint saved at epoch 61
2026-06-25 19:12:41 - execution - INFO - [Job fa2f78b3] 2026-06-25 17:12:41 - base - INFO - Epoch 62/75 - starting
2026-06-25 19:12:44 - execution - INFO - [Job 2a474f42] 2026-06-25 17:12:44 - base - INFO - Epoch 16/200 - Loss: 0.253604 - Acc: 8.40% - 5.07s
2026-06-25 19:12:45 - execution - INFO - [Job 2a474f42] 2026-06-25 17:12:45 - base - INFO - Checkpoint saved at epoch 16
2026-06-25 19:12:45 - execution - INFO - [Job 2a474f42] 2026-06-25 17:12:45 - base - INFO - Epoch 17/200 - starting
2026-06-25 19:12:46 - execution - INFO - [Job fa2f78b3] 2026-06-25 17:12:46 - base - INFO - Epoch 62/75 - Loss: 0.059285 - Acc: 10.35% - 5.08s
2026-06-25 19:12:47 - execution - INFO - [Job fa2f78b3] 2026-06-25 17:12:47 - base - INFO - Checkpoint saved at epoch 62
2026-06-25 19:12:47 - execution - INFO - [Job fa2f78b3] 2026-06-25 17:12:47 - base - INFO - Epoch 63/75 - starting
2026-06-25 19:12:50 - execution - INFO - [Job 2a474f42] 2026-06-25 17:12:50 - base - INFO - Epoch 17/200 - Loss: 0.188502 - Acc: 12.50% - 5.07s
2026-06-25 19:12:50 - execution - INFO - [Job 2a474f42] 2026-06-25 17:12:50 - base - INFO - Checkpoint saved at epoch 17
2026-06-25 19:12:50 - execution - INFO - [Job 2a474f42] 2026-06-25 17:12:50 - base - INFO - Epoch 18/200 - starting
2026-06-25 19:12:52 - execution - INFO - [Job fa2f78b3] 2026-06-25 17:12:52 - base - INFO - Epoch 63/75 - Loss: 0.095421 - Acc: 10.16% - 5.09s
2026-06-25 19:12:52 - execution - INFO - [Job fa2f78b3] 2026-06-25 17:12:52 - base - INFO - Checkpoint saved at epoch 63
2026-06-25 19:12:52 - execution - INFO - [Job fa2f78b3] 2026-06-25 17:12:52 - base - INFO - Epoch 64/75 - starting
2026-06-25 19:12:55 - execution - INFO - [Job 2a474f42] 2026-06-25 17:12:55 - base - INFO - Epoch 18/200 - Loss: 0.175485 - Acc: 8.01% - 5.07s
2026-06-25 19:12:55 - execution - INFO - [Job 2a474f42] 2026-06-25 17:12:55 - base - INFO - Checkpoint saved at epoch 18
2026-06-25 19:12:55 - execution - INFO - [Job 2a474f42] 2026-06-25 17:12:55 - base - INFO - Epoch 19/200 - starting
2026-06-25 19:12:57 - execution - INFO - [Job fa2f78b3] 2026-06-25 17:12:57 - base - INFO - Epoch 64/75 - Loss: 0.080168 - Acc: 10.55% - 5.08s
2026-06-25 19:12:57 - execution - INFO - [Job fa2f78b3] 2026-06-25 17:12:57 - base - INFO - Checkpoint saved at epoch 64
2026-06-25 19:12:57 - execution - INFO - [Job fa2f78b3] 2026-06-25 17:12:57 - base - INFO - Epoch 65/75 - starting
2026-06-25 19:13:00 - execution - INFO - [Job 2a474f42] 2026-06-25 17:13:00 - base - INFO - Epoch 19/200 - Loss: 0.159622 - Acc: 9.57% - 5.06s
2026-06-25 19:13:01 - execution - INFO - [Job 2a474f42] 2026-06-25 17:13:01 - base - INFO - Checkpoint saved at epoch 19
2026-06-25 19:13:01 - execution - INFO - [Job 2a474f42] 2026-06-25 17:13:01 - base - INFO - Epoch 20/200 - starting
2026-06-25 19:13:02 - execution - INFO - [Job fa2f78b3] 2026-06-25 17:13:02 - base - INFO - Epoch 65/75 - Loss: 0.079508 - Acc: 8.98% - 5.09s
2026-06-25 19:13:02 - execution - INFO - [Job fa2f78b3] 2026-06-25 17:13:02 - base - INFO - Checkpoint saved at epoch 65
2026-06-25 19:13:02 - execution - INFO - [Job fa2f78b3] 2026-06-25 17:13:02 - base - INFO - Epoch 66/75 - starting
2026-06-25 19:13:06 - execution - INFO - [Job 2a474f42] 2026-06-25 17:13:06 - base - INFO - Epoch 20/200 - Loss: 0.158539 - Acc: 12.89% - 5.06s
2026-06-25 19:13:06 - execution - INFO - [Job 2a474f42] 2026-06-25 17:13:06 - base - INFO - Checkpoint saved at epoch 20
2026-06-25 19:13:06 - execution - INFO - [Job 2a474f42] 2026-06-25 17:13:06 - base - INFO - Epoch 21/200 - starting
2026-06-25 19:13:08 - execution - INFO - [Job fa2f78b3] 2026-06-25 17:13:08 - base - INFO - Epoch 66/75 - Loss: 0.058487 - Acc: 9.96% - 5.08s
2026-06-25 19:13:08 - execution - INFO - [Job fa2f78b3] 2026-06-25 17:13:08 - base - INFO - Checkpoint saved at epoch 66
2026-06-25 19:13:08 - execution - INFO - [Job fa2f78b3] 2026-06-25 17:13:08 - base - INFO - Epoch 67/75 - starting
2026-06-25 19:13:11 - execution - INFO - [Job 2a474f42] 2026-06-25 17:13:11 - base - INFO - Epoch 21/200 - Loss: 0.153056 - Acc: 9.57% - 5.06s
2026-06-25 19:13:11 - execution - INFO - [Job 2a474f42] 2026-06-25 17:13:11 - base - INFO - Checkpoint saved at epoch 21
2026-06-25 19:13:11 - execution - INFO - [Job 2a474f42] 2026-06-25 17:13:11 - base - INFO - Epoch 22/200 - starting
2026-06-25 19:13:13 - execution - INFO - [Job fa2f78b3] 2026-06-25 17:13:13 - base - INFO - Epoch 67/75 - Loss: 0.047985 - Acc: 9.38% - 5.08s
2026-06-25 19:13:13 - execution - INFO - [Job fa2f78b3] 2026-06-25 17:13:13 - base - INFO - Checkpoint saved at epoch 67
2026-06-25 19:13:13 - execution - INFO - [Job fa2f78b3] 2026-06-25 17:13:13 - base - INFO - Epoch 68/75 - starting
2026-06-25 19:13:16 - execution - INFO - [Job 2a474f42] 2026-06-25 17:13:16 - base - INFO - Epoch 22/200 - Loss: 0.154822 - Acc: 8.79% - 5.07s
2026-06-25 19:13:17 - execution - INFO - [Job 2a474f42] 2026-06-25 17:13:17 - base - INFO - Checkpoint saved at epoch 22
2026-06-25 19:13:17 - execution - INFO - [Job 2a474f42] 2026-06-25 17:13:17 - base - INFO - Epoch 23/200 - starting
2026-06-25 19:13:18 - execution - INFO - [Job fa2f78b3] 2026-06-25 17:13:18 - base - INFO - Epoch 68/75 - Loss: 0.036849 - Acc: 9.77% - 5.08s
2026-06-25 19:13:18 - execution - INFO - [Job fa2f78b3] 2026-06-25 17:13:18 - base - INFO - Checkpoint saved at epoch 68
2026-06-25 19:13:18 - execution - INFO - [Job fa2f78b3] 2026-06-25 17:13:18 - base - INFO - Epoch 69/75 - starting
2026-06-25 19:13:22 - execution - INFO - [Job 2a474f42] 2026-06-25 17:13:22 - base - INFO - Epoch 23/200 - Loss: 0.140778 - Acc: 12.70% - 5.06s
2026-06-25 19:13:22 - execution - INFO - [Job 2a474f42] 2026-06-25 17:13:22 - base - INFO - Checkpoint saved at epoch 23
2026-06-25 19:13:22 - execution - INFO - [Job 2a474f42] 2026-06-25 17:13:22 - base - INFO - Epoch 24/200 - starting
2026-06-25 19:13:24 - execution - INFO - [Job fa2f78b3] 2026-06-25 17:13:24 - base - INFO - Epoch 69/75 - Loss: 0.037890 - Acc: 9.57% - 5.08s
2026-06-25 19:13:24 - execution - INFO - [Job fa2f78b3] 2026-06-25 17:13:24 - base - INFO - Checkpoint saved at epoch 69
2026-06-25 19:13:24 - execution - INFO - [Job fa2f78b3] 2026-06-25 17:13:24 - base - INFO - Epoch 70/75 - starting
2026-06-25 19:13:27 - execution - INFO - [Job 2a474f42] 2026-06-25 17:13:27 - base - INFO - Epoch 24/200 - Loss: 0.116728 - Acc: 9.38% - 5.07s
2026-06-25 19:13:27 - execution - INFO - [Job 2a474f42] 2026-06-25 17:13:27 - base - INFO - Checkpoint saved at epoch 24
2026-06-25 19:13:27 - execution - INFO - [Job 2a474f42] 2026-06-25 17:13:27 - base - INFO - Epoch 25/200 - starting
2026-06-25 19:13:29 - execution - INFO - [Job fa2f78b3] 2026-06-25 17:13:29 - base - INFO - Epoch 70/75 - Loss: 0.040107 - Acc: 10.35% - 5.08s
2026-06-25 19:13:29 - execution - INFO - [Job fa2f78b3] 2026-06-25 17:13:29 - base - INFO - Checkpoint saved at epoch 70
2026-06-25 19:13:29 - execution - INFO - [Job fa2f78b3] 2026-06-25 17:13:29 - base - INFO - Epoch 71/75 - starting
2026-06-25 19:13:32 - execution - INFO - [Job 2a474f42] 2026-06-25 17:13:32 - base - INFO - Epoch 25/200 - Loss: 0.092703 - Acc: 9.18% - 5.06s
2026-06-25 19:13:33 - execution - INFO - [Job 2a474f42] 2026-06-25 17:13:33 - base - INFO - Checkpoint saved at epoch 25
2026-06-25 19:13:33 - execution - INFO - [Job 2a474f42] 2026-06-25 17:13:33 - base - INFO - Epoch 26/200 - starting
2026-06-25 19:13:34 - execution - INFO - [Job fa2f78b3] 2026-06-25 17:13:34 - base - INFO - Epoch 71/75 - Loss: 0.045077 - Acc: 10.94% - 5.09s
2026-06-25 19:13:34 - execution - INFO - [Job fa2f78b3] 2026-06-25 17:13:34 - base - INFO - Checkpoint saved at epoch 71
2026-06-25 19:13:34 - execution - INFO - [Job fa2f78b3] 2026-06-25 17:13:34 - base - INFO - Epoch 72/75 - starting
2026-06-25 19:13:38 - execution - INFO - [Job 2a474f42] 2026-06-25 17:13:38 - base - INFO - Epoch 26/200 - Loss: 0.096802 - Acc: 8.79% - 5.06s
2026-06-25 19:13:38 - execution - INFO - [Job 2a474f42] 2026-06-25 17:13:38 - base - INFO - Checkpoint saved at epoch 26
2026-06-25 19:13:38 - execution - INFO - [Job 2a474f42] 2026-06-25 17:13:38 - base - INFO - Epoch 27/200 - starting
2026-06-25 19:13:40 - execution - INFO - [Job fa2f78b3] 2026-06-25 17:13:40 - base - INFO - Epoch 72/75 - Loss: 0.053233 - Acc: 9.38% - 5.08s
2026-06-25 19:13:40 - execution - INFO - [Job fa2f78b3] 2026-06-25 17:13:40 - base - INFO - Checkpoint saved at epoch 72
2026-06-25 19:13:40 - execution - INFO - [Job fa2f78b3] 2026-06-25 17:13:40 - base - INFO - Epoch 73/75 - starting
2026-06-25 19:13:43 - execution - INFO - [Job 2a474f42] 2026-06-25 17:13:43 - base - INFO - Epoch 27/200 - Loss: 0.101682 - Acc: 8.98% - 5.07s
2026-06-25 19:13:43 - execution - INFO - [Job 2a474f42] 2026-06-25 17:13:43 - base - INFO - Checkpoint saved at epoch 27
2026-06-25 19:13:43 - execution - INFO - [Job 2a474f42] 2026-06-25 17:13:43 - base - INFO - Epoch 28/200 - starting
2026-06-25 19:13:45 - execution - INFO - [Job fa2f78b3] 2026-06-25 17:13:45 - base - INFO - Epoch 73/75 - Loss: 0.065025 - Acc: 10.35% - 5.09s
2026-06-25 19:13:45 - execution - INFO - [Job fa2f78b3] 2026-06-25 17:13:45 - base - INFO - Checkpoint saved at epoch 73
2026-06-25 19:13:45 - execution - INFO - [Job fa2f78b3] 2026-06-25 17:13:45 - base - INFO - Epoch 74/75 - starting
2026-06-25 19:13:48 - execution - INFO - [Job 2a474f42] 2026-06-25 17:13:48 - base - INFO - Epoch 28/200 - Loss: 0.118695 - Acc: 9.77% - 5.08s
2026-06-25 19:13:49 - execution - INFO - [Job 2a474f42] 2026-06-25 17:13:49 - base - INFO - Checkpoint saved at epoch 28
2026-06-25 19:13:49 - execution - INFO - [Job 2a474f42] 2026-06-25 17:13:49 - base - INFO - Epoch 29/200 - starting
2026-06-25 19:13:50 - execution - INFO - [Job fa2f78b3] 2026-06-25 17:13:50 - base - INFO - Epoch 74/75 - Loss: 0.066712 - Acc: 10.55% - 5.09s
2026-06-25 19:13:50 - execution - INFO - [Job fa2f78b3] 2026-06-25 17:13:50 - base - INFO - Checkpoint saved at epoch 74
2026-06-25 19:13:50 - execution - INFO - [Job fa2f78b3] 2026-06-25 17:13:50 - base - INFO - Epoch 75/75 - starting
2026-06-25 19:13:54 - execution - INFO - [Job 2a474f42] 2026-06-25 17:13:54 - base - INFO - Epoch 29/200 - Loss: 0.104467 - Acc: 9.38% - 5.05s
2026-06-25 19:13:54 - execution - INFO - [Job 2a474f42] 2026-06-25 17:13:54 - base - INFO - Checkpoint saved at epoch 29
2026-06-25 19:13:54 - execution - INFO - [Job 2a474f42] 2026-06-25 17:13:54 - base - INFO - Epoch 30/200 - starting
2026-06-25 19:13:55 - execution - INFO - [Job fa2f78b3] 2026-06-25 17:13:55 - base - INFO - Epoch 75/75 - Loss: 0.054128 - Acc: 9.96% - 5.08s
2026-06-25 19:13:56 - execution - INFO - [Job fa2f78b3] 2026-06-25 17:13:56 - base - INFO - Checkpoint saved at epoch 75
2026-06-25 19:13:56 - execution - INFO - [Job fa2f78b3] 2026-06-25 17:13:56 - base - INFO - Training completed! Final epoch: 75
2026-06-25 19:13:59 - execution - INFO - [Job 2a474f42] 2026-06-25 17:13:59 - base - INFO - Epoch 30/200 - Loss: 0.116445 - Acc: 10.74% - 5.06s
2026-06-25 19:13:59 - execution - INFO - [Job 2a474f42] 2026-06-25 17:13:59 - base - INFO - Checkpoint saved at epoch 30
2026-06-25 19:13:59 - execution - INFO - [Job 2a474f42] 2026-06-25 17:13:59 - base - INFO - Epoch 31/200 - starting
2026-06-25 19:14:02 - execution - INFO - Job fa2f78b3 completed successfully
2026-06-25 19:14:02 - execution - INFO - GPU allocator: job fa2f78b3 releases indices [1]
2026-06-25 19:14:04 - execution - INFO - [Job 2a474f42] 2026-06-25 17:14:04 - base - INFO - Epoch 31/200 - Loss: 0.138263 - Acc: 10.35% - 5.04s
2026-06-25 19:14:04 - execution - INFO - [Job 2a474f42] 2026-06-25 17:14:04 - base - INFO - Checkpoint saved at epoch 31
2026-06-25 19:14:04 - execution - INFO - [Job 2a474f42] 2026-06-25 17:14:04 - base - INFO - Epoch 32/200 - starting
2026-06-25 19:14:14 - execution - INFO - Job 2a474f42 exited (exit=137) during /stop (reason=auto) — leaving status to /stop
2026-06-25 19:14:14 - execution - INFO - GPU allocator: job 2a474f42 releases indices [0]
2026-06-25 19:14:19 - app - INFO - Killed container ijm-2a474f42 (reason=auto)
INFO:     131.175.15.40:34044 - "POST /jobs/2a474f42-a8f8-4b8c-870d-3292ffa8e1f9/stop?reason=auto HTTP/1.1" 202 Accepted
INFO:     131.175.15.40:34048 - "POST /jobs/2a474f42-a8f8-4b8c-870d-3292ffa8e1f9/run HTTP/1.1" 202 Accepted
2026-06-25 19:14:25 - execution - INFO - GPU allocator: job 2a474f42 claims indices [0, 1]
2026-06-25 19:14:25 - execution - INFO - Starting job 2a474f42: docker run --rm --name ijm-2a474f42 --device nvidia.com/gpu=0 --device nvidia.com/gpu=1 --user 0:0 -e USER=root -e HOME=/tmp --dns 8.8.8.8 --dns 1.1.1.1 -v /home/wangrat/ijm/data/checkpoints/2a474f42-a8f8-4b8c-870d-3292ffa8e1f9:/checkpoints -v /home/wangrat/ijm/data/runs/2a474f42-a8f8-4b8c-870d-3292ffa8e1f9:/runs -v /home/wangrat/ijm/data/datasets:/runs/data:ro -e OMP_NUM_THREADS=1 -e OPENBLAS_NUM_THREADS=1 -e MKL_NUM_THREADS=1 -e EPOCHS_TOTAL=200 wangrat/ijm-cnn_big:latest
2026-06-25 19:14:27 - execution - INFO - [Job 2a474f42] 2026-06-25 17:14:27 - __main__ - INFO - ============================================================
2026-06-25 19:14:27 - execution - INFO - [Job 2a474f42] 2026-06-25 17:14:27 - __main__ - INFO - Starting cnn_big v2 training (synthetic 128x128x3, deep CNN)
2026-06-25 19:14:27 - execution - INFO - [Job 2a474f42] 2026-06-25 17:14:27 - __main__ - INFO - ============================================================
2026-06-25 19:14:27 - execution - INFO - [Job 2a474f42] 2026-06-25 17:14:27 - base - INFO - Using device: cuda
2026-06-25 19:14:27 - execution - INFO - [Job 2a474f42] 2026-06-25 17:14:27 - base - INFO - Wrapping model in DataParallel across 2 GPUs
2026-06-25 19:14:29 - execution - INFO - [Job 2a474f42] 2026-06-25 17:14:29 - base - INFO - Loading checkpoint from /checkpoints/latest.pt
2026-06-25 19:14:29 - execution - INFO - [Job 2a474f42] 2026-06-25 17:14:29 - base - INFO - Resumed from epoch 31 (best acc: 12.89%)
2026-06-25 19:14:29 - execution - INFO - [Job 2a474f42] 2026-06-25 17:14:29 - base - INFO - Config: epochs_total=200, batch_size=32
2026-06-25 19:14:29 - execution - INFO - [Job 2a474f42] 2026-06-25 17:14:29 - base - INFO - Starting training from epoch 31 to 200
2026-06-25 19:14:29 - execution - INFO - [Job 2a474f42] 2026-06-25 17:14:29 - base - INFO - Epoch 32/200 - starting
2026-06-25 19:14:34 - execution - INFO - [Job 2a474f42] 2026-06-25 17:14:34 - base - INFO - Epoch 32/200 - Loss: 0.180772 - Acc: 9.96% - 5.44s
2026-06-25 19:14:34 - execution - INFO - [Job 2a474f42] 2026-06-25 17:14:34 - base - INFO - Checkpoint saved at epoch 32
2026-06-25 19:14:34 - execution - INFO - [Job 2a474f42] 2026-06-25 17:14:34 - base - INFO - Epoch 33/200 - starting
2026-06-25 19:14:39 - execution - INFO - [Job 2a474f42] 2026-06-25 17:14:39 - base - INFO - Epoch 33/200 - Loss: 0.217148 - Acc: 10.35% - 4.64s
2026-06-25 19:14:39 - execution - INFO - [Job 2a474f42] 2026-06-25 17:14:39 - base - INFO - Checkpoint saved at epoch 33
2026-06-25 19:14:39 - execution - INFO - [Job 2a474f42] 2026-06-25 17:14:39 - base - INFO - Epoch 34/200 - starting
2026-06-25 19:14:44 - execution - INFO - [Job 2a474f42] 2026-06-25 17:14:44 - base - INFO - Epoch 34/200 - Loss: 0.153914 - Acc: 8.59% - 4.90s
2026-06-25 19:14:44 - execution - INFO - [Job 2a474f42] 2026-06-25 17:14:44 - base - INFO - Checkpoint saved at epoch 34
2026-06-25 19:14:44 - execution - INFO - [Job 2a474f42] 2026-06-25 17:14:44 - base - INFO - Epoch 35/200 - starting
2026-06-25 19:14:49 - execution - INFO - [Job 2a474f42] 2026-06-25 17:14:49 - base - INFO - Epoch 35/200 - Loss: 0.135506 - Acc: 13.09% - 4.70s
2026-06-25 19:14:49 - execution - INFO - [Job 2a474f42] 2026-06-25 17:14:49 - base - INFO - Checkpoint saved at epoch 35
2026-06-25 19:14:49 - execution - INFO - [Job 2a474f42] 2026-06-25 17:14:49 - base - INFO - Epoch 36/200 - starting
2026-06-25 19:14:54 - execution - INFO - [Job 2a474f42] 2026-06-25 17:14:54 - base - INFO - Epoch 36/200 - Loss: 0.088672 - Acc: 8.59% - 4.70s
2026-06-25 19:14:54 - execution - INFO - [Job 2a474f42] 2026-06-25 17:14:54 - base - INFO - Checkpoint saved at epoch 36
2026-06-25 19:14:54 - execution - INFO - [Job 2a474f42] 2026-06-25 17:14:54 - base - INFO - Epoch 37/200 - starting
2026-06-25 19:14:59 - execution - INFO - [Job 2a474f42] 2026-06-25 17:14:59 - base - INFO - Epoch 37/200 - Loss: 0.070749 - Acc: 12.50% - 4.66s
2026-06-25 19:14:59 - execution - INFO - [Job 2a474f42] 2026-06-25 17:14:59 - base - INFO - Checkpoint saved at epoch 37
2026-06-25 19:14:59 - execution - INFO - [Job 2a474f42] 2026-06-25 17:14:59 - base - INFO - Epoch 38/200 - starting
2026-06-25 19:15:03 - execution - INFO - [Job 2a474f42] 2026-06-25 17:15:03 - base - INFO - Epoch 38/200 - Loss: 0.075393 - Acc: 8.98% - 4.63s
2026-06-25 19:15:04 - execution - INFO - [Job 2a474f42] 2026-06-25 17:15:04 - base - INFO - Checkpoint saved at epoch 38
2026-06-25 19:15:04 - execution - INFO - [Job 2a474f42] 2026-06-25 17:15:04 - base - INFO - Epoch 39/200 - starting
2026-06-25 19:15:08 - execution - INFO - [Job 2a474f42] 2026-06-25 17:15:08 - base - INFO - Epoch 39/200 - Loss: 0.088764 - Acc: 9.77% - 4.64s
2026-06-25 19:15:08 - execution - INFO - [Job 2a474f42] 2026-06-25 17:15:08 - base - INFO - Checkpoint saved at epoch 39
2026-06-25 19:15:08 - execution - INFO - [Job 2a474f42] 2026-06-25 17:15:08 - base - INFO - Epoch 40/200 - starting
2026-06-25 19:15:13 - execution - INFO - [Job 2a474f42] 2026-06-25 17:15:13 - base - INFO - Epoch 40/200 - Loss: 0.099226 - Acc: 9.18% - 4.63s
2026-06-25 19:15:13 - execution - INFO - [Job 2a474f42] 2026-06-25 17:15:13 - base - INFO - Checkpoint saved at epoch 40
2026-06-25 19:15:13 - execution - INFO - [Job 2a474f42] 2026-06-25 17:15:13 - base - INFO - Epoch 41/200 - starting
2026-06-25 19:15:18 - execution - INFO - [Job 2a474f42] 2026-06-25 17:15:18 - base - INFO - Epoch 41/200 - Loss: 0.092256 - Acc: 9.96% - 4.94s
2026-06-25 19:15:18 - execution - INFO - [Job 2a474f42] 2026-06-25 17:15:18 - base - INFO - Checkpoint saved at epoch 41
2026-06-25 19:15:18 - execution - INFO - [Job 2a474f42] 2026-06-25 17:15:18 - base - INFO - Epoch 42/200 - starting
2026-06-25 19:15:23 - execution - INFO - [Job 2a474f42] 2026-06-25 17:15:23 - base - INFO - Epoch 42/200 - Loss: 0.100529 - Acc: 10.16% - 4.80s
2026-06-25 19:15:23 - execution - INFO - [Job 2a474f42] 2026-06-25 17:15:23 - base - INFO - Checkpoint saved at epoch 42
2026-06-25 19:15:23 - execution - INFO - [Job 2a474f42] 2026-06-25 17:15:23 - base - INFO - Epoch 43/200 - starting
2026-06-25 19:15:28 - execution - INFO - [Job 2a474f42] 2026-06-25 17:15:28 - base - INFO - Epoch 43/200 - Loss: 0.113595 - Acc: 9.96% - 4.98s
2026-06-25 19:15:29 - execution - INFO - [Job 2a474f42] 2026-06-25 17:15:29 - base - INFO - Checkpoint saved at epoch 43
2026-06-25 19:15:29 - execution - INFO - [Job 2a474f42] 2026-06-25 17:15:29 - base - INFO - Epoch 44/200 - starting
2026-06-25 19:15:34 - execution - INFO - [Job 2a474f42] 2026-06-25 17:15:34 - base - INFO - Epoch 44/200 - Loss: 0.105634 - Acc: 7.81% - 5.10s
2026-06-25 19:15:34 - execution - INFO - [Job 2a474f42] 2026-06-25 17:15:34 - base - INFO - Checkpoint saved at epoch 44
2026-06-25 19:15:34 - execution - INFO - [Job 2a474f42] 2026-06-25 17:15:34 - base - INFO - Epoch 45/200 - starting
2026-06-25 19:15:39 - execution - INFO - [Job 2a474f42] 2026-06-25 17:15:39 - base - INFO - Epoch 45/200 - Loss: 0.089436 - Acc: 10.35% - 5.08s
2026-06-25 19:15:39 - execution - INFO - [Job 2a474f42] 2026-06-25 17:15:39 - base - INFO - Checkpoint saved at epoch 45
2026-06-25 19:15:39 - execution - INFO - [Job 2a474f42] 2026-06-25 17:15:39 - base - INFO - Epoch 46/200 - starting
2026-06-25 19:15:44 - execution - INFO - [Job 2a474f42] 2026-06-25 17:15:44 - base - INFO - Epoch 46/200 - Loss: 0.061628 - Acc: 10.74% - 4.98s
2026-06-25 19:15:45 - execution - INFO - [Job 2a474f42] 2026-06-25 17:15:45 - base - INFO - Checkpoint saved at epoch 46
2026-06-25 19:15:45 - execution - INFO - [Job 2a474f42] 2026-06-25 17:15:45 - base - INFO - Epoch 47/200 - starting
2026-06-25 19:15:50 - execution - INFO - [Job 2a474f42] 2026-06-25 17:15:50 - base - INFO - Epoch 47/200 - Loss: 0.087146 - Acc: 9.18% - 5.10s
2026-06-25 19:15:50 - execution - INFO - [Job 2a474f42] 2026-06-25 17:15:50 - base - INFO - Checkpoint saved at epoch 47
2026-06-25 19:15:50 - execution - INFO - [Job 2a474f42] 2026-06-25 17:15:50 - base - INFO - Epoch 48/200 - starting
2026-06-25 19:15:55 - execution - INFO - [Job 2a474f42] 2026-06-25 17:15:55 - base - INFO - Epoch 48/200 - Loss: 0.100396 - Acc: 9.18% - 5.12s
2026-06-25 19:15:55 - execution - INFO - [Job 2a474f42] 2026-06-25 17:15:55 - base - INFO - Checkpoint saved at epoch 48
2026-06-25 19:15:55 - execution - INFO - [Job 2a474f42] 2026-06-25 17:15:55 - base - INFO - Epoch 49/200 - starting
2026-06-25 19:16:00 - execution - INFO - [Job 2a474f42] 2026-06-25 17:16:00 - base - INFO - Epoch 49/200 - Loss: 0.105215 - Acc: 8.40% - 4.99s
2026-06-25 19:16:01 - execution - INFO - [Job 2a474f42] 2026-06-25 17:16:01 - base - INFO - Checkpoint saved at epoch 49
2026-06-25 19:16:01 - execution - INFO - [Job 2a474f42] 2026-06-25 17:16:01 - base - INFO - Epoch 50/200 - starting
2026-06-25 19:16:06 - execution - INFO - [Job 2a474f42] 2026-06-25 17:16:06 - base - INFO - Epoch 50/200 - Loss: 0.113261 - Acc: 9.77% - 5.02s
2026-06-25 19:16:06 - execution - INFO - [Job 2a474f42] 2026-06-25 17:16:06 - base - INFO - Checkpoint saved at epoch 50
2026-06-25 19:16:06 - execution - INFO - [Job 2a474f42] 2026-06-25 17:16:06 - base - INFO - Epoch 51/200 - starting
2026-06-25 19:16:11 - execution - INFO - [Job 2a474f42] 2026-06-25 17:16:11 - base - INFO - Epoch 51/200 - Loss: 0.085223 - Acc: 11.52% - 5.04s
2026-06-25 19:16:11 - execution - INFO - [Job 2a474f42] 2026-06-25 17:16:11 - base - INFO - Checkpoint saved at epoch 51
2026-06-25 19:16:11 - execution - INFO - [Job 2a474f42] 2026-06-25 17:16:11 - base - INFO - Epoch 52/200 - starting
2026-06-25 19:16:16 - execution - INFO - [Job 2a474f42] 2026-06-25 17:16:16 - base - INFO - Epoch 52/200 - Loss: 0.073350 - Acc: 11.72% - 5.02s
2026-06-25 19:16:16 - execution - INFO - [Job 2a474f42] 2026-06-25 17:16:16 - base - INFO - Checkpoint saved at epoch 52
2026-06-25 19:16:16 - execution - INFO - [Job 2a474f42] 2026-06-25 17:16:16 - base - INFO - Epoch 53/200 - starting
2026-06-25 19:16:22 - execution - INFO - [Job 2a474f42] 2026-06-25 17:16:22 - base - INFO - Epoch 53/200 - Loss: 0.059300 - Acc: 9.38% - 5.12s
2026-06-25 19:16:22 - execution - INFO - [Job 2a474f42] 2026-06-25 17:16:22 - base - INFO - Checkpoint saved at epoch 53
2026-06-25 19:16:22 - execution - INFO - [Job 2a474f42] 2026-06-25 17:16:22 - base - INFO - Epoch 54/200 - starting
2026-06-25 19:16:27 - execution - INFO - [Job 2a474f42] 2026-06-25 17:16:27 - base - INFO - Epoch 54/200 - Loss: 0.061882 - Acc: 10.74% - 5.19s
2026-06-25 19:16:27 - execution - INFO - [Job 2a474f42] 2026-06-25 17:16:27 - base - INFO - Checkpoint saved at epoch 54
2026-06-25 19:16:27 - execution - INFO - [Job 2a474f42] 2026-06-25 17:16:27 - base - INFO - Epoch 55/200 - starting
2026-06-25 19:16:32 - execution - INFO - [Job 2a474f42] 2026-06-25 17:16:32 - base - INFO - Epoch 55/200 - Loss: 0.076717 - Acc: 11.13% - 5.16s
2026-06-25 19:16:33 - execution - INFO - [Job 2a474f42] 2026-06-25 17:16:33 - base - INFO - Checkpoint saved at epoch 55
2026-06-25 19:16:33 - execution - INFO - [Job 2a474f42] 2026-06-25 17:16:33 - base - INFO - Epoch 56/200 - starting
2026-06-25 19:16:38 - execution - INFO - [Job 2a474f42] 2026-06-25 17:16:38 - base - INFO - Epoch 56/200 - Loss: 0.079949 - Acc: 9.96% - 4.96s
2026-06-25 19:16:38 - execution - INFO - [Job 2a474f42] 2026-06-25 17:16:38 - base - INFO - Checkpoint saved at epoch 56
2026-06-25 19:16:38 - execution - INFO - [Job 2a474f42] 2026-06-25 17:16:38 - base - INFO - Epoch 57/200 - starting
2026-06-25 19:16:43 - execution - INFO - [Job 2a474f42] 2026-06-25 17:16:43 - base - INFO - Epoch 57/200 - Loss: 0.090575 - Acc: 12.50% - 4.99s
2026-06-25 19:16:43 - execution - INFO - [Job 2a474f42] 2026-06-25 17:16:43 - base - INFO - Checkpoint saved at epoch 57
2026-06-25 19:16:43 - execution - INFO - [Job 2a474f42] 2026-06-25 17:16:43 - base - INFO - Epoch 58/200 - starting
2026-06-25 19:16:48 - execution - INFO - [Job 2a474f42] 2026-06-25 17:16:48 - base - INFO - Epoch 58/200 - Loss: 0.081533 - Acc: 9.18% - 5.05s
2026-06-25 19:16:48 - execution - INFO - [Job 2a474f42] 2026-06-25 17:16:48 - base - INFO - Checkpoint saved at epoch 58
2026-06-25 19:16:48 - execution - INFO - [Job 2a474f42] 2026-06-25 17:16:48 - base - INFO - Epoch 59/200 - starting
2026-06-25 19:16:53 - execution - INFO - [Job 2a474f42] 2026-06-25 17:16:53 - base - INFO - Epoch 59/200 - Loss: 0.086075 - Acc: 11.72% - 4.98s
2026-06-25 19:16:54 - execution - INFO - [Job 2a474f42] 2026-06-25 17:16:54 - base - INFO - Checkpoint saved at epoch 59
2026-06-25 19:16:54 - execution - INFO - [Job 2a474f42] 2026-06-25 17:16:54 - base - INFO - Epoch 60/200 - starting
2026-06-25 19:16:59 - execution - INFO - [Job 2a474f42] 2026-06-25 17:16:59 - base - INFO - Epoch 60/200 - Loss: 0.080327 - Acc: 9.77% - 4.92s
2026-06-25 19:16:59 - execution - INFO - [Job 2a474f42] 2026-06-25 17:16:59 - base - INFO - Checkpoint saved at epoch 60
2026-06-25 19:16:59 - execution - INFO - [Job 2a474f42] 2026-06-25 17:16:59 - base - INFO - Epoch 61/200 - starting
2026-06-25 19:17:04 - execution - INFO - [Job 2a474f42] 2026-06-25 17:17:04 - base - INFO - Epoch 61/200 - Loss: 0.071605 - Acc: 10.16% - 5.10s
2026-06-25 19:17:04 - execution - INFO - [Job 2a474f42] 2026-06-25 17:17:04 - base - INFO - Checkpoint saved at epoch 61
2026-06-25 19:17:04 - execution - INFO - [Job 2a474f42] 2026-06-25 17:17:04 - base - INFO - Epoch 62/200 - starting
2026-06-25 19:17:09 - execution - INFO - [Job 2a474f42] 2026-06-25 17:17:09 - base - INFO - Epoch 62/200 - Loss: 0.056421 - Acc: 11.91% - 5.08s
2026-06-25 19:17:09 - execution - INFO - [Job 2a474f42] 2026-06-25 17:17:09 - base - INFO - Checkpoint saved at epoch 62
2026-06-25 19:17:09 - execution - INFO - [Job 2a474f42] 2026-06-25 17:17:09 - base - INFO - Epoch 63/200 - starting
2026-06-25 19:17:15 - execution - INFO - [Job 2a474f42] 2026-06-25 17:17:15 - base - INFO - Epoch 63/200 - Loss: 0.049170 - Acc: 10.35% - 5.10s
2026-06-25 19:17:15 - execution - INFO - [Job 2a474f42] 2026-06-25 17:17:15 - base - INFO - Checkpoint saved at epoch 63
2026-06-25 19:17:15 - execution - INFO - [Job 2a474f42] 2026-06-25 17:17:15 - base - INFO - Epoch 64/200 - starting
2026-06-25 19:17:20 - execution - INFO - [Job 2a474f42] 2026-06-25 17:17:20 - base - INFO - Epoch 64/200 - Loss: 0.059494 - Acc: 8.79% - 5.12s
2026-06-25 19:17:20 - execution - INFO - [Job 2a474f42] 2026-06-25 17:17:20 - base - INFO - Checkpoint saved at epoch 64
2026-06-25 19:17:20 - execution - INFO - [Job 2a474f42] 2026-06-25 17:17:20 - base - INFO - Epoch 65/200 - starting
2026-06-25 19:17:25 - execution - INFO - [Job 2a474f42] 2026-06-25 17:17:25 - base - INFO - Epoch 65/200 - Loss: 0.051302 - Acc: 9.18% - 5.09s
2026-06-25 19:17:26 - execution - INFO - [Job 2a474f42] 2026-06-25 17:17:26 - base - INFO - Checkpoint saved at epoch 65
2026-06-25 19:17:26 - execution - INFO - [Job 2a474f42] 2026-06-25 17:17:26 - base - INFO - Epoch 66/200 - starting
2026-06-25 19:17:31 - execution - INFO - [Job 2a474f42] 2026-06-25 17:17:31 - base - INFO - Epoch 66/200 - Loss: 0.045027 - Acc: 8.59% - 4.98s
2026-06-25 19:17:31 - execution - INFO - [Job 2a474f42] 2026-06-25 17:17:31 - base - INFO - Checkpoint saved at epoch 66
2026-06-25 19:17:31 - execution - INFO - [Job 2a474f42] 2026-06-25 17:17:31 - base - INFO - Epoch 67/200 - starting
2026-06-25 19:17:36 - execution - INFO - [Job 2a474f42] 2026-06-25 17:17:36 - base - INFO - Epoch 67/200 - Loss: 0.051146 - Acc: 11.33% - 4.98s
2026-06-25 19:17:36 - execution - INFO - [Job 2a474f42] 2026-06-25 17:17:36 - base - INFO - Checkpoint saved at epoch 67
2026-06-25 19:17:36 - execution - INFO - [Job 2a474f42] 2026-06-25 17:17:36 - base - INFO - Epoch 68/200 - starting
2026-06-25 19:17:41 - execution - INFO - [Job 2a474f42] 2026-06-25 17:17:41 - base - INFO - Epoch 68/200 - Loss: 0.043850 - Acc: 9.96% - 4.98s
2026-06-25 19:17:41 - execution - INFO - [Job 2a474f42] 2026-06-25 17:17:41 - base - INFO - Checkpoint saved at epoch 68
2026-06-25 19:17:41 - execution - INFO - [Job 2a474f42] 2026-06-25 17:17:41 - base - INFO - Epoch 69/200 - starting
2026-06-25 19:17:46 - execution - INFO - [Job 2a474f42] 2026-06-25 17:17:46 - base - INFO - Epoch 69/200 - Loss: 0.071788 - Acc: 9.38% - 5.00s
2026-06-25 19:17:47 - execution - INFO - [Job 2a474f42] 2026-06-25 17:17:47 - base - INFO - Checkpoint saved at epoch 69
2026-06-25 19:17:47 - execution - INFO - [Job 2a474f42] 2026-06-25 17:17:47 - base - INFO - Epoch 70/200 - starting
2026-06-25 19:17:52 - execution - INFO - [Job 2a474f42] 2026-06-25 17:17:52 - base - INFO - Epoch 70/200 - Loss: 0.062208 - Acc: 9.57% - 5.07s
2026-06-25 19:17:52 - execution - INFO - [Job 2a474f42] 2026-06-25 17:17:52 - base - INFO - Checkpoint saved at epoch 70
2026-06-25 19:17:52 - execution - INFO - [Job 2a474f42] 2026-06-25 17:17:52 - base - INFO - Epoch 71/200 - starting
2026-06-25 19:17:57 - execution - INFO - [Job 2a474f42] 2026-06-25 17:17:57 - base - INFO - Epoch 71/200 - Loss: 0.095819 - Acc: 11.33% - 5.05s
2026-06-25 19:17:57 - execution - INFO - [Job 2a474f42] 2026-06-25 17:17:57 - base - INFO - Checkpoint saved at epoch 71
2026-06-25 19:17:57 - execution - INFO - [Job 2a474f42] 2026-06-25 17:17:57 - base - INFO - Epoch 72/200 - starting
2026-06-25 19:18:02 - execution - INFO - [Job 2a474f42] 2026-06-25 17:18:02 - base - INFO - Epoch 72/200 - Loss: 0.080894 - Acc: 8.79% - 4.99s
2026-06-25 19:18:02 - execution - INFO - [Job 2a474f42] 2026-06-25 17:18:02 - base - INFO - Checkpoint saved at epoch 72
2026-06-25 19:18:02 - execution - INFO - [Job 2a474f42] 2026-06-25 17:18:02 - base - INFO - Epoch 73/200 - starting
2026-06-25 19:18:08 - execution - INFO - [Job 2a474f42] 2026-06-25 17:18:08 - base - INFO - Epoch 73/200 - Loss: 0.087704 - Acc: 10.35% - 5.02s
2026-06-25 19:18:08 - execution - INFO - [Job 2a474f42] 2026-06-25 17:18:08 - base - INFO - Checkpoint saved at epoch 73
2026-06-25 19:18:08 - execution - INFO - [Job 2a474f42] 2026-06-25 17:18:08 - base - INFO - Epoch 74/200 - starting
2026-06-25 19:18:13 - execution - INFO - [Job 2a474f42] 2026-06-25 17:18:13 - base - INFO - Epoch 74/200 - Loss: 0.061669 - Acc: 10.16% - 5.00s
2026-06-25 19:18:13 - execution - INFO - [Job 2a474f42] 2026-06-25 17:18:13 - base - INFO - Checkpoint saved at epoch 74
2026-06-25 19:18:13 - execution - INFO - [Job 2a474f42] 2026-06-25 17:18:13 - base - INFO - Epoch 75/200 - starting
2026-06-25 19:18:18 - execution - INFO - [Job 2a474f42] 2026-06-25 17:18:18 - base - INFO - Epoch 75/200 - Loss: 0.043928 - Acc: 9.96% - 4.99s
2026-06-25 19:18:18 - execution - INFO - [Job 2a474f42] 2026-06-25 17:18:18 - base - INFO - Checkpoint saved at epoch 75
2026-06-25 19:18:18 - execution - INFO - [Job 2a474f42] 2026-06-25 17:18:18 - base - INFO - Epoch 76/200 - starting
2026-06-25 19:18:23 - execution - INFO - [Job 2a474f42] 2026-06-25 17:18:23 - base - INFO - Epoch 76/200 - Loss: 0.039127 - Acc: 11.33% - 4.99s
2026-06-25 19:18:24 - execution - INFO - [Job 2a474f42] 2026-06-25 17:18:24 - base - INFO - Checkpoint saved at epoch 76
2026-06-25 19:18:24 - execution - INFO - [Job 2a474f42] 2026-06-25 17:18:24 - base - INFO - Epoch 77/200 - starting
2026-06-25 19:18:28 - execution - INFO - [Job 2a474f42] 2026-06-25 17:18:28 - base - INFO - Epoch 77/200 - Loss: 0.037858 - Acc: 10.74% - 4.92s
2026-06-25 19:18:29 - execution - INFO - [Job 2a474f42] 2026-06-25 17:18:29 - base - INFO - Checkpoint saved at epoch 77
2026-06-25 19:18:29 - execution - INFO - [Job 2a474f42] 2026-06-25 17:18:29 - base - INFO - Epoch 78/200 - starting
2026-06-25 19:18:34 - execution - INFO - [Job 2a474f42] 2026-06-25 17:18:34 - base - INFO - Epoch 78/200 - Loss: 0.041208 - Acc: 10.16% - 5.06s
2026-06-25 19:18:34 - execution - INFO - [Job 2a474f42] 2026-06-25 17:18:34 - base - INFO - Checkpoint saved at epoch 78
2026-06-25 19:18:34 - execution - INFO - [Job 2a474f42] 2026-06-25 17:18:34 - base - INFO - Epoch 79/200 - starting
2026-06-25 19:18:39 - execution - INFO - [Job 2a474f42] 2026-06-25 17:18:39 - base - INFO - Epoch 79/200 - Loss: 0.031940 - Acc: 11.13% - 5.08s
2026-06-25 19:18:39 - execution - INFO - [Job 2a474f42] 2026-06-25 17:18:39 - base - INFO - Checkpoint saved at epoch 79
2026-06-25 19:18:39 - execution - INFO - [Job 2a474f42] 2026-06-25 17:18:39 - base - INFO - Epoch 80/200 - starting
2026-06-25 19:18:44 - execution - INFO - [Job 2a474f42] 2026-06-25 17:18:44 - base - INFO - Epoch 80/200 - Loss: 0.053424 - Acc: 10.74% - 5.08s
2026-06-25 19:18:45 - execution - INFO - [Job 2a474f42] 2026-06-25 17:18:45 - base - INFO - Checkpoint saved at epoch 80
2026-06-25 19:18:45 - execution - INFO - [Job 2a474f42] 2026-06-25 17:18:45 - base - INFO - Epoch 81/200 - starting
2026-06-25 19:18:50 - execution - INFO - [Job 2a474f42] 2026-06-25 17:18:50 - base - INFO - Epoch 81/200 - Loss: 0.072029 - Acc: 8.01% - 5.10s
2026-06-25 19:18:50 - execution - INFO - [Job 2a474f42] 2026-06-25 17:18:50 - base - INFO - Checkpoint saved at epoch 81
2026-06-25 19:18:50 - execution - INFO - [Job 2a474f42] 2026-06-25 17:18:50 - base - INFO - Epoch 82/200 - starting
2026-06-25 19:18:55 - execution - INFO - [Job 2a474f42] 2026-06-25 17:18:55 - base - INFO - Epoch 82/200 - Loss: 0.063210 - Acc: 11.33% - 5.08s
2026-06-25 19:18:55 - execution - INFO - [Job 2a474f42] 2026-06-25 17:18:55 - base - INFO - Checkpoint saved at epoch 82
2026-06-25 19:18:55 - execution - INFO - [Job 2a474f42] 2026-06-25 17:18:55 - base - INFO - Epoch 83/200 - starting
2026-06-25 19:19:00 - execution - INFO - [Job 2a474f42] 2026-06-25 17:19:00 - base - INFO - Epoch 83/200 - Loss: 0.062067 - Acc: 10.16% - 4.98s
2026-06-25 19:19:01 - execution - INFO - [Job 2a474f42] 2026-06-25 17:19:01 - base - INFO - Checkpoint saved at epoch 83
2026-06-25 19:19:01 - execution - INFO - [Job 2a474f42] 2026-06-25 17:19:01 - base - INFO - Epoch 84/200 - starting
2026-06-25 19:19:06 - execution - INFO - [Job 2a474f42] 2026-06-25 17:19:06 - base - INFO - Epoch 84/200 - Loss: 0.069211 - Acc: 9.38% - 5.04s
2026-06-25 19:19:06 - execution - INFO - [Job 2a474f42] 2026-06-25 17:19:06 - base - INFO - Checkpoint saved at epoch 84
2026-06-25 19:19:06 - execution - INFO - [Job 2a474f42] 2026-06-25 17:19:06 - base - INFO - Epoch 85/200 - starting
2026-06-25 19:19:11 - execution - INFO - [Job 2a474f42] 2026-06-25 17:19:11 - base - INFO - Epoch 85/200 - Loss: 0.057312 - Acc: 10.35% - 5.03s
2026-06-25 19:19:11 - execution - INFO - [Job 2a474f42] 2026-06-25 17:19:11 - base - INFO - Checkpoint saved at epoch 85
2026-06-25 19:19:11 - execution - INFO - [Job 2a474f42] 2026-06-25 17:19:11 - base - INFO - Epoch 86/200 - starting
2026-06-25 19:19:16 - execution - INFO - [Job 2a474f42] 2026-06-25 17:19:16 - base - INFO - Epoch 86/200 - Loss: 0.044607 - Acc: 10.55% - 4.95s
2026-06-25 19:19:16 - execution - INFO - [Job 2a474f42] 2026-06-25 17:19:16 - base - INFO - Checkpoint saved at epoch 86
2026-06-25 19:19:16 - execution - INFO - [Job 2a474f42] 2026-06-25 17:19:16 - base - INFO - Epoch 87/200 - starting
2026-06-25 19:19:21 - execution - INFO - [Job 2a474f42] 2026-06-25 17:19:21 - base - INFO - Epoch 87/200 - Loss: 0.048336 - Acc: 10.55% - 5.05s
2026-06-25 19:19:22 - execution - INFO - [Job 2a474f42] 2026-06-25 17:19:22 - base - INFO - Checkpoint saved at epoch 87
2026-06-25 19:19:22 - execution - INFO - [Job 2a474f42] 2026-06-25 17:19:22 - base - INFO - Epoch 88/200 - starting
2026-06-25 19:19:27 - execution - INFO - [Job 2a474f42] 2026-06-25 17:19:27 - base - INFO - Epoch 88/200 - Loss: 0.046012 - Acc: 9.96% - 4.99s
2026-06-25 19:19:27 - execution - INFO - [Job 2a474f42] 2026-06-25 17:19:27 - base - INFO - Checkpoint saved at epoch 88
2026-06-25 19:19:27 - execution - INFO - [Job 2a474f42] 2026-06-25 17:19:27 - base - INFO - Epoch 89/200 - starting
2026-06-25 19:19:32 - execution - INFO - [Job 2a474f42] 2026-06-25 17:19:32 - base - INFO - Epoch 89/200 - Loss: 0.045755 - Acc: 9.38% - 4.94s
2026-06-25 19:19:32 - execution - INFO - [Job 2a474f42] 2026-06-25 17:19:32 - base - INFO - Checkpoint saved at epoch 89
2026-06-25 19:19:32 - execution - INFO - [Job 2a474f42] 2026-06-25 17:19:32 - base - INFO - Epoch 90/200 - starting
2026-06-25 19:19:37 - execution - INFO - [Job 2a474f42] 2026-06-25 17:19:37 - base - INFO - Epoch 90/200 - Loss: 0.048140 - Acc: 10.94% - 4.97s
2026-06-25 19:19:37 - execution - INFO - [Job 2a474f42] 2026-06-25 17:19:37 - base - INFO - Checkpoint saved at epoch 90
2026-06-25 19:19:37 - execution - INFO - [Job 2a474f42] 2026-06-25 17:19:37 - base - INFO - Epoch 91/200 - starting
2026-06-25 19:19:42 - execution - INFO - [Job 2a474f42] 2026-06-25 17:19:42 - base - INFO - Epoch 91/200 - Loss: 0.033905 - Acc: 8.01% - 5.00s
2026-06-25 19:19:43 - execution - INFO - [Job 2a474f42] 2026-06-25 17:19:43 - base - INFO - Checkpoint saved at epoch 91
2026-06-25 19:19:43 - execution - INFO - [Job 2a474f42] 2026-06-25 17:19:43 - base - INFO - Epoch 92/200 - starting
2026-06-25 19:19:48 - execution - INFO - [Job 2a474f42] 2026-06-25 17:19:48 - base - INFO - Epoch 92/200 - Loss: 0.036247 - Acc: 11.72% - 4.97s
2026-06-25 19:19:48 - execution - INFO - [Job 2a474f42] 2026-06-25 17:19:48 - base - INFO - Checkpoint saved at epoch 92
2026-06-25 19:19:48 - execution - INFO - [Job 2a474f42] 2026-06-25 17:19:48 - base - INFO - Epoch 93/200 - starting
2026-06-25 19:19:53 - execution - INFO - [Job 2a474f42] 2026-06-25 17:19:53 - base - INFO - Epoch 93/200 - Loss: 0.043253 - Acc: 10.16% - 4.93s
2026-06-25 19:19:53 - execution - INFO - [Job 2a474f42] 2026-06-25 17:19:53 - base - INFO - Checkpoint saved at epoch 93
2026-06-25 19:19:53 - execution - INFO - [Job 2a474f42] 2026-06-25 17:19:53 - base - INFO - Epoch 94/200 - starting
2026-06-25 19:19:58 - execution - INFO - [Job 2a474f42] 2026-06-25 17:19:58 - base - INFO - Epoch 94/200 - Loss: 0.045651 - Acc: 10.55% - 5.03s
2026-06-25 19:19:58 - execution - INFO - [Job 2a474f42] 2026-06-25 17:19:58 - base - INFO - Checkpoint saved at epoch 94
2026-06-25 19:19:58 - execution - INFO - [Job 2a474f42] 2026-06-25 17:19:58 - base - INFO - Epoch 95/200 - starting
2026-06-25 19:20:04 - execution - INFO - [Job 2a474f42] 2026-06-25 17:20:04 - base - INFO - Epoch 95/200 - Loss: 0.042553 - Acc: 9.96% - 5.08s
2026-06-25 19:20:04 - execution - INFO - [Job 2a474f42] 2026-06-25 17:20:04 - base - INFO - Checkpoint saved at epoch 95
2026-06-25 19:20:04 - execution - INFO - [Job 2a474f42] 2026-06-25 17:20:04 - base - INFO - Epoch 96/200 - starting
2026-06-25 19:20:09 - execution - INFO - [Job 2a474f42] 2026-06-25 17:20:09 - base - INFO - Epoch 96/200 - Loss: 0.056105 - Acc: 12.11% - 4.98s
2026-06-25 19:20:09 - execution - INFO - [Job 2a474f42] 2026-06-25 17:20:09 - base - INFO - Checkpoint saved at epoch 96
2026-06-25 19:20:09 - execution - INFO - [Job 2a474f42] 2026-06-25 17:20:09 - base - INFO - Epoch 97/200 - starting
2026-06-25 19:20:14 - execution - INFO - [Job 2a474f42] 2026-06-25 17:20:14 - base - INFO - Epoch 97/200 - Loss: 0.065553 - Acc: 10.16% - 5.00s
2026-06-25 19:20:14 - execution - INFO - [Job 2a474f42] 2026-06-25 17:20:14 - base - INFO - Checkpoint saved at epoch 97
2026-06-25 19:20:14 - execution - INFO - [Job 2a474f42] 2026-06-25 17:20:14 - base - INFO - Epoch 98/200 - starting
2026-06-25 19:20:19 - execution - INFO - [Job 2a474f42] 2026-06-25 17:20:19 - base - INFO - Epoch 98/200 - Loss: 0.075201 - Acc: 8.20% - 5.00s
2026-06-25 19:20:20 - execution - INFO - [Job 2a474f42] 2026-06-25 17:20:20 - base - INFO - Checkpoint saved at epoch 98
2026-06-25 19:20:20 - execution - INFO - [Job 2a474f42] 2026-06-25 17:20:20 - base - INFO - Epoch 99/200 - starting
2026-06-25 19:20:25 - execution - INFO - [Job 2a474f42] 2026-06-25 17:20:25 - base - INFO - Epoch 99/200 - Loss: 0.079225 - Acc: 12.70% - 4.98s
2026-06-25 19:20:25 - execution - INFO - [Job 2a474f42] 2026-06-25 17:20:25 - base - INFO - Checkpoint saved at epoch 99
2026-06-25 19:20:25 - execution - INFO - [Job 2a474f42] 2026-06-25 17:20:25 - base - INFO - Epoch 100/200 - starting
2026-06-25 19:20:30 - execution - INFO - [Job 2a474f42] 2026-06-25 17:20:30 - base - INFO - Epoch 100/200 - Loss: 0.041849 - Acc: 11.33% - 5.02s
2026-06-25 19:20:30 - execution - INFO - [Job 2a474f42] 2026-06-25 17:20:30 - base - INFO - Checkpoint saved at epoch 100
2026-06-25 19:20:30 - execution - INFO - [Job 2a474f42] 2026-06-25 17:20:30 - base - INFO - Epoch 101/200 - starting
2026-06-25 19:20:35 - execution - INFO - [Job 2a474f42] 2026-06-25 17:20:35 - base - INFO - Epoch 101/200 - Loss: 0.043817 - Acc: 12.30% - 5.04s
2026-06-25 19:20:35 - execution - INFO - [Job 2a474f42] 2026-06-25 17:20:35 - base - INFO - Checkpoint saved at epoch 101
2026-06-25 19:20:35 - execution - INFO - [Job 2a474f42] 2026-06-25 17:20:35 - base - INFO - Epoch 102/200 - starting
2026-06-25 19:20:40 - execution - INFO - [Job 2a474f42] 2026-06-25 17:20:40 - base - INFO - Epoch 102/200 - Loss: 0.037124 - Acc: 8.59% - 5.02s
2026-06-25 19:20:41 - execution - INFO - [Job 2a474f42] 2026-06-25 17:20:41 - base - INFO - Checkpoint saved at epoch 102
2026-06-25 19:20:41 - execution - INFO - [Job 2a474f42] 2026-06-25 17:20:41 - base - INFO - Epoch 103/200 - starting
2026-06-25 19:20:46 - execution - INFO - [Job 2a474f42] 2026-06-25 17:20:46 - base - INFO - Epoch 103/200 - Loss: 0.034957 - Acc: 11.91% - 5.02s
2026-06-25 19:20:46 - execution - INFO - [Job 2a474f42] 2026-06-25 17:20:46 - base - INFO - Checkpoint saved at epoch 103
2026-06-25 19:20:46 - execution - INFO - [Job 2a474f42] 2026-06-25 17:20:46 - base - INFO - Epoch 104/200 - starting
2026-06-25 19:20:51 - execution - INFO - [Job 2a474f42] 2026-06-25 17:20:51 - base - INFO - Epoch 104/200 - Loss: 0.047787 - Acc: 11.91% - 5.04s
2026-06-25 19:20:51 - execution - INFO - [Job 2a474f42] 2026-06-25 17:20:51 - base - INFO - Checkpoint saved at epoch 104
2026-06-25 19:20:51 - execution - INFO - [Job 2a474f42] 2026-06-25 17:20:51 - base - INFO - Epoch 105/200 - starting
2026-06-25 19:20:56 - execution - INFO - [Job 2a474f42] 2026-06-25 17:20:56 - base - INFO - Epoch 105/200 - Loss: 0.037412 - Acc: 8.79% - 5.01s
2026-06-25 19:20:57 - execution - INFO - [Job 2a474f42] 2026-06-25 17:20:57 - base - INFO - Checkpoint saved at epoch 105
2026-06-25 19:20:57 - execution - INFO - [Job 2a474f42] 2026-06-25 17:20:57 - base - INFO - Epoch 106/200 - starting
2026-06-25 19:21:02 - execution - INFO - [Job 2a474f42] 2026-06-25 17:21:02 - base - INFO - Epoch 106/200 - Loss: 0.028781 - Acc: 10.94% - 5.02s
2026-06-25 19:21:02 - execution - INFO - [Job 2a474f42] 2026-06-25 17:21:02 - base - INFO - Checkpoint saved at epoch 106
2026-06-25 19:21:02 - execution - INFO - [Job 2a474f42] 2026-06-25 17:21:02 - base - INFO - Epoch 107/200 - starting
2026-06-25 19:21:07 - execution - INFO - [Job 2a474f42] 2026-06-25 17:21:07 - base - INFO - Epoch 107/200 - Loss: 0.031570 - Acc: 9.77% - 5.05s
2026-06-25 19:21:07 - execution - INFO - [Job 2a474f42] 2026-06-25 17:21:07 - base - INFO - Checkpoint saved at epoch 107
2026-06-25 19:21:07 - execution - INFO - [Job 2a474f42] 2026-06-25 17:21:07 - base - INFO - Epoch 108/200 - starting
2026-06-25 19:21:12 - execution - INFO - [Job 2a474f42] 2026-06-25 17:21:12 - base - INFO - Epoch 108/200 - Loss: 0.027070 - Acc: 9.96% - 5.07s
2026-06-25 19:21:12 - execution - INFO - [Job 2a474f42] 2026-06-25 17:21:12 - base - INFO - Checkpoint saved at epoch 108
2026-06-25 19:21:12 - execution - INFO - [Job 2a474f42] 2026-06-25 17:21:12 - base - INFO - Epoch 109/200 - starting
2026-06-25 19:21:17 - execution - INFO - [Job 2a474f42] 2026-06-25 17:21:17 - base - INFO - Epoch 109/200 - Loss: 0.039246 - Acc: 9.18% - 4.97s
2026-06-25 19:21:18 - execution - INFO - [Job 2a474f42] 2026-06-25 17:21:18 - base - INFO - Checkpoint saved at epoch 109
2026-06-25 19:21:18 - execution - INFO - [Job 2a474f42] 2026-06-25 17:21:18 - base - INFO - Epoch 110/200 - starting
2026-06-25 19:21:23 - execution - INFO - [Job 2a474f42] 2026-06-25 17:21:23 - base - INFO - Epoch 110/200 - Loss: 0.043328 - Acc: 8.98% - 4.90s
2026-06-25 19:21:23 - execution - INFO - [Job 2a474f42] 2026-06-25 17:21:23 - base - INFO - Checkpoint saved at epoch 110
2026-06-25 19:21:23 - execution - INFO - [Job 2a474f42] 2026-06-25 17:21:23 - base - INFO - Epoch 111/200 - starting
2026-06-25 19:21:28 - execution - INFO - [Job 2a474f42] 2026-06-25 17:21:28 - base - INFO - Epoch 111/200 - Loss: 0.038108 - Acc: 8.01% - 4.93s
2026-06-25 19:21:28 - execution - INFO - [Job 2a474f42] 2026-06-25 17:21:28 - base - INFO - Checkpoint saved at epoch 111
2026-06-25 19:21:28 - execution - INFO - [Job 2a474f42] 2026-06-25 17:21:28 - base - INFO - Epoch 112/200 - starting
2026-06-25 19:21:33 - execution - INFO - [Job 2a474f42] 2026-06-25 17:21:33 - base - INFO - Epoch 112/200 - Loss: 0.046211 - Acc: 12.89% - 4.95s
2026-06-25 19:21:33 - execution - INFO - [Job 2a474f42] 2026-06-25 17:21:33 - base - INFO - Checkpoint saved at epoch 112
2026-06-25 19:21:33 - execution - INFO - [Job 2a474f42] 2026-06-25 17:21:33 - base - INFO - Epoch 113/200 - starting
2026-06-25 19:21:38 - execution - INFO - [Job 2a474f42] 2026-06-25 17:21:38 - base - INFO - Epoch 113/200 - Loss: 0.044139 - Acc: 8.98% - 4.96s
2026-06-25 19:21:39 - execution - INFO - [Job 2a474f42] 2026-06-25 17:21:39 - base - INFO - Checkpoint saved at epoch 113
2026-06-25 19:21:39 - execution - INFO - [Job 2a474f42] 2026-06-25 17:21:39 - base - INFO - Epoch 114/200 - starting
2026-06-25 19:21:44 - execution - INFO - [Job 2a474f42] 2026-06-25 17:21:44 - base - INFO - Epoch 114/200 - Loss: 0.056830 - Acc: 8.59% - 4.95s
2026-06-25 19:21:44 - execution - INFO - [Job 2a474f42] 2026-06-25 17:21:44 - base - INFO - Checkpoint saved at epoch 114
2026-06-25 19:21:44 - execution - INFO - [Job 2a474f42] 2026-06-25 17:21:44 - base - INFO - Epoch 115/200 - starting
2026-06-25 19:21:49 - execution - INFO - [Job 2a474f42] 2026-06-25 17:21:49 - base - INFO - Epoch 115/200 - Loss: 0.038957 - Acc: 11.91% - 5.03s
2026-06-25 19:21:49 - execution - INFO - [Job 2a474f42] 2026-06-25 17:21:49 - base - INFO - Checkpoint saved at epoch 115
2026-06-25 19:21:49 - execution - INFO - [Job 2a474f42] 2026-06-25 17:21:49 - base - INFO - Epoch 116/200 - starting
2026-06-25 19:21:54 - execution - INFO - [Job 2a474f42] 2026-06-25 17:21:54 - base - INFO - Epoch 116/200 - Loss: 0.036163 - Acc: 11.72% - 5.04s
2026-06-25 19:21:54 - execution - INFO - [Job 2a474f42] 2026-06-25 17:21:54 - base - INFO - Checkpoint saved at epoch 116
2026-06-25 19:21:54 - execution - INFO - [Job 2a474f42] 2026-06-25 17:21:54 - base - INFO - Epoch 117/200 - starting
2026-06-25 19:21:59 - execution - INFO - [Job 2a474f42] 2026-06-25 17:21:59 - base - INFO - Epoch 117/200 - Loss: 0.026625 - Acc: 13.48% - 4.96s
2026-06-25 19:22:00 - execution - INFO - [Job 2a474f42] 2026-06-25 17:22:00 - base - INFO - Checkpoint saved at epoch 117
2026-06-25 19:22:00 - execution - INFO - [Job 2a474f42] 2026-06-25 17:22:00 - base - INFO - Epoch 118/200 - starting
2026-06-25 19:22:05 - execution - INFO - [Job 2a474f42] 2026-06-25 17:22:05 - base - INFO - Epoch 118/200 - Loss: 0.030398 - Acc: 10.35% - 4.97s
2026-06-25 19:22:05 - execution - INFO - [Job 2a474f42] 2026-06-25 17:22:05 - base - INFO - Checkpoint saved at epoch 118
2026-06-25 19:22:05 - execution - INFO - [Job 2a474f42] 2026-06-25 17:22:05 - base - INFO - Epoch 119/200 - starting
2026-06-25 19:22:10 - execution - INFO - [Job 2a474f42] 2026-06-25 17:22:10 - base - INFO - Epoch 119/200 - Loss: 0.033601 - Acc: 12.30% - 4.99s
2026-06-25 19:22:10 - execution - INFO - [Job 2a474f42] 2026-06-25 17:22:10 - base - INFO - Checkpoint saved at epoch 119
2026-06-25 19:22:10 - execution - INFO - [Job 2a474f42] 2026-06-25 17:22:10 - base - INFO - Epoch 120/200 - starting
2026-06-25 19:22:15 - execution - INFO - [Job 2a474f42] 2026-06-25 17:22:15 - base - INFO - Epoch 120/200 - Loss: 0.029642 - Acc: 9.77% - 4.91s
2026-06-25 19:22:15 - execution - INFO - [Job 2a474f42] 2026-06-25 17:22:15 - base - INFO - Checkpoint saved at epoch 120
2026-06-25 19:22:15 - execution - INFO - [Job 2a474f42] 2026-06-25 17:22:15 - base - INFO - Epoch 121/200 - starting
2026-06-25 19:22:20 - execution - INFO - [Job 2a474f42] 2026-06-25 17:22:20 - base - INFO - Epoch 121/200 - Loss: 0.046213 - Acc: 12.50% - 4.95s
2026-06-25 19:22:21 - execution - INFO - [Job 2a474f42] 2026-06-25 17:22:21 - base - INFO - Checkpoint saved at epoch 121
2026-06-25 19:22:21 - execution - INFO - [Job 2a474f42] 2026-06-25 17:22:21 - base - INFO - Epoch 122/200 - starting
2026-06-25 19:22:26 - execution - INFO - [Job 2a474f42] 2026-06-25 17:22:26 - base - INFO - Epoch 122/200 - Loss: 0.042460 - Acc: 11.13% - 5.03s
2026-06-25 19:22:26 - execution - INFO - [Job 2a474f42] 2026-06-25 17:22:26 - base - INFO - Checkpoint saved at epoch 122
2026-06-25 19:22:26 - execution - INFO - [Job 2a474f42] 2026-06-25 17:22:26 - base - INFO - Epoch 123/200 - starting
2026-06-25 19:22:31 - execution - INFO - [Job 2a474f42] 2026-06-25 17:22:31 - base - INFO - Epoch 123/200 - Loss: 0.037972 - Acc: 12.89% - 5.08s
2026-06-25 19:22:31 - execution - INFO - [Job 2a474f42] 2026-06-25 17:22:31 - base - INFO - Checkpoint saved at epoch 123
2026-06-25 19:22:31 - execution - INFO - [Job 2a474f42] 2026-06-25 17:22:31 - base - INFO - Epoch 124/200 - starting
2026-06-25 19:22:36 - execution - INFO - [Job 2a474f42] 2026-06-25 17:22:36 - base - INFO - Epoch 124/200 - Loss: 0.032052 - Acc: 10.94% - 5.07s
2026-06-25 19:22:36 - execution - INFO - [Job 2a474f42] 2026-06-25 17:22:36 - base - INFO - Checkpoint saved at epoch 124
2026-06-25 19:22:36 - execution - INFO - [Job 2a474f42] 2026-06-25 17:22:36 - base - INFO - Epoch 125/200 - starting
2026-06-25 19:22:41 - execution - INFO - [Job 2a474f42] 2026-06-25 17:22:41 - base - INFO - Epoch 125/200 - Loss: 0.020499 - Acc: 7.42% - 5.05s
2026-06-25 19:22:42 - execution - INFO - [Job 2a474f42] 2026-06-25 17:22:42 - base - INFO - Checkpoint saved at epoch 125
2026-06-25 19:22:42 - execution - INFO - [Job 2a474f42] 2026-06-25 17:22:42 - base - INFO - Epoch 126/200 - starting
2026-06-25 19:22:47 - execution - INFO - [Job 2a474f42] 2026-06-25 17:22:47 - base - INFO - Epoch 126/200 - Loss: 0.026945 - Acc: 11.72% - 5.02s
2026-06-25 19:22:47 - execution - INFO - [Job 2a474f42] 2026-06-25 17:22:47 - base - INFO - Checkpoint saved at epoch 126
2026-06-25 19:22:47 - execution - INFO - [Job 2a474f42] 2026-06-25 17:22:47 - base - INFO - Epoch 127/200 - starting
2026-06-25 19:22:52 - execution - INFO - [Job 2a474f42] 2026-06-25 17:22:52 - base - INFO - Epoch 127/200 - Loss: 0.027560 - Acc: 10.35% - 5.04s
2026-06-25 19:22:52 - execution - INFO - [Job 2a474f42] 2026-06-25 17:22:52 - base - INFO - Checkpoint saved at epoch 127
2026-06-25 19:22:52 - execution - INFO - [Job 2a474f42] 2026-06-25 17:22:52 - base - INFO - Epoch 128/200 - starting
2026-06-25 19:22:57 - execution - INFO - [Job 2a474f42] 2026-06-25 17:22:57 - base - INFO - Epoch 128/200 - Loss: 0.025127 - Acc: 9.96% - 5.04s
2026-06-25 19:22:58 - execution - INFO - [Job 2a474f42] 2026-06-25 17:22:58 - base - INFO - Checkpoint saved at epoch 128
2026-06-25 19:22:58 - execution - INFO - [Job 2a474f42] 2026-06-25 17:22:58 - base - INFO - Epoch 129/200 - starting
2026-06-25 19:23:03 - execution - INFO - [Job 2a474f42] 2026-06-25 17:23:03 - base - INFO - Epoch 129/200 - Loss: 0.019466 - Acc: 11.33% - 5.05s
2026-06-25 19:23:03 - execution - INFO - [Job 2a474f42] 2026-06-25 17:23:03 - base - INFO - Checkpoint saved at epoch 129
2026-06-25 19:23:03 - execution - INFO - [Job 2a474f42] 2026-06-25 17:23:03 - base - INFO - Epoch 130/200 - starting
2026-06-25 19:23:08 - execution - INFO - [Job 2a474f42] 2026-06-25 17:23:08 - base - INFO - Epoch 130/200 - Loss: 0.022561 - Acc: 12.30% - 4.97s
2026-06-25 19:23:08 - execution - INFO - [Job 2a474f42] 2026-06-25 17:23:08 - base - INFO - Checkpoint saved at epoch 130
2026-06-25 19:23:08 - execution - INFO - [Job 2a474f42] 2026-06-25 17:23:08 - base - INFO - Epoch 131/200 - starting
2026-06-25 19:23:13 - execution - INFO - [Job 2a474f42] 2026-06-25 17:23:13 - base - INFO - Epoch 131/200 - Loss: 0.020024 - Acc: 11.33% - 4.86s
2026-06-25 19:23:13 - execution - INFO - [Job 2a474f42] 2026-06-25 17:23:13 - base - INFO - Checkpoint saved at epoch 131
2026-06-25 19:23:13 - execution - INFO - [Job 2a474f42] 2026-06-25 17:23:13 - base - INFO - Epoch 132/200 - starting
2026-06-25 19:23:18 - execution - INFO - [Job 2a474f42] 2026-06-25 17:23:18 - base - INFO - Epoch 132/200 - Loss: 0.017043 - Acc: 9.77% - 4.88s
2026-06-25 19:23:18 - execution - INFO - [Job 2a474f42] 2026-06-25 17:23:18 - base - INFO - Checkpoint saved at epoch 132
2026-06-25 19:23:18 - execution - INFO - [Job 2a474f42] 2026-06-25 17:23:18 - base - INFO - Epoch 133/200 - starting
2026-06-25 19:23:23 - execution - INFO - [Job 2a474f42] 2026-06-25 17:23:23 - base - INFO - Epoch 133/200 - Loss: 0.030051 - Acc: 12.50% - 4.90s
2026-06-25 19:23:23 - execution - INFO - [Job 2a474f42] 2026-06-25 17:23:23 - base - INFO - Checkpoint saved at epoch 133
2026-06-25 19:23:23 - execution - INFO - [Job 2a474f42] 2026-06-25 17:23:23 - base - INFO - Epoch 134/200 - starting
2026-06-25 19:23:28 - execution - INFO - [Job 2a474f42] 2026-06-25 17:23:28 - base - INFO - Epoch 134/200 - Loss: 0.047723 - Acc: 10.16% - 4.90s
2026-06-25 19:23:29 - execution - INFO - [Job 2a474f42] 2026-06-25 17:23:29 - base - INFO - Checkpoint saved at epoch 134
2026-06-25 19:23:29 - execution - INFO - [Job 2a474f42] 2026-06-25 17:23:29 - base - INFO - Epoch 135/200 - starting
2026-06-25 19:23:33 - execution - INFO - [Job 2a474f42] 2026-06-25 17:23:33 - base - INFO - Epoch 135/200 - Loss: 0.069902 - Acc: 10.16% - 4.92s
2026-06-25 19:23:34 - execution - INFO - [Job 2a474f42] 2026-06-25 17:23:34 - base - INFO - Checkpoint saved at epoch 135
2026-06-25 19:23:34 - execution - INFO - [Job 2a474f42] 2026-06-25 17:23:34 - base - INFO - Epoch 136/200 - starting
2026-06-25 19:23:38 - execution - INFO - [Job 2a474f42] 2026-06-25 17:23:38 - base - INFO - Epoch 136/200 - Loss: 0.064985 - Acc: 8.98% - 4.92s
2026-06-25 19:23:39 - execution - INFO - [Job 2a474f42] 2026-06-25 17:23:39 - base - INFO - Checkpoint saved at epoch 136
2026-06-25 19:23:39 - execution - INFO - [Job 2a474f42] 2026-06-25 17:23:39 - base - INFO - Epoch 137/200 - starting
2026-06-25 19:23:44 - execution - INFO - [Job 2a474f42] 2026-06-25 17:23:44 - base - INFO - Epoch 137/200 - Loss: 0.040564 - Acc: 10.94% - 5.06s
2026-06-25 19:23:44 - execution - INFO - [Job 2a474f42] 2026-06-25 17:23:44 - base - INFO - Checkpoint saved at epoch 137
2026-06-25 19:23:44 - execution - INFO - [Job 2a474f42] 2026-06-25 17:23:44 - base - INFO - Epoch 138/200 - starting
2026-06-25 19:23:49 - execution - INFO - [Job 2a474f42] 2026-06-25 17:23:49 - base - INFO - Epoch 138/200 - Loss: 0.035492 - Acc: 10.74% - 5.00s
2026-06-25 19:23:49 - execution - INFO - [Job 2a474f42] 2026-06-25 17:23:49 - base - INFO - Checkpoint saved at epoch 138
2026-06-25 19:23:49 - execution - INFO - [Job 2a474f42] 2026-06-25 17:23:49 - base - INFO - Epoch 139/200 - starting
2026-06-25 19:23:54 - execution - INFO - [Job 2a474f42] 2026-06-25 17:23:54 - base - INFO - Epoch 139/200 - Loss: 0.041153 - Acc: 10.35% - 5.06s
2026-06-25 19:23:55 - execution - INFO - [Job 2a474f42] 2026-06-25 17:23:55 - base - INFO - Checkpoint saved at epoch 139
2026-06-25 19:23:55 - execution - INFO - [Job 2a474f42] 2026-06-25 17:23:55 - base - INFO - Epoch 140/200 - starting
2026-06-25 19:24:00 - execution - INFO - [Job 2a474f42] 2026-06-25 17:24:00 - base - INFO - Epoch 140/200 - Loss: 0.033042 - Acc: 9.38% - 5.03s
2026-06-25 19:24:00 - execution - INFO - [Job 2a474f42] 2026-06-25 17:24:00 - base - INFO - Checkpoint saved at epoch 140
2026-06-25 19:24:00 - execution - INFO - [Job 2a474f42] 2026-06-25 17:24:00 - base - INFO - Epoch 141/200 - starting
2026-06-25 19:24:05 - execution - INFO - [Job 2a474f42] 2026-06-25 17:24:05 - base - INFO - Epoch 141/200 - Loss: 0.026138 - Acc: 10.35% - 4.95s
2026-06-25 19:24:05 - execution - INFO - [Job 2a474f42] 2026-06-25 17:24:05 - base - INFO - Checkpoint saved at epoch 141
2026-06-25 19:24:05 - execution - INFO - [Job 2a474f42] 2026-06-25 17:24:05 - base - INFO - Epoch 142/200 - starting
2026-06-25 19:24:10 - execution - INFO - [Job 2a474f42] 2026-06-25 17:24:10 - base - INFO - Epoch 142/200 - Loss: 0.021262 - Acc: 10.94% - 4.97s
2026-06-25 19:24:10 - execution - INFO - [Job 2a474f42] 2026-06-25 17:24:10 - base - INFO - Checkpoint saved at epoch 142
2026-06-25 19:24:10 - execution - INFO - [Job 2a474f42] 2026-06-25 17:24:10 - base - INFO - Epoch 143/200 - starting
2026-06-25 19:24:15 - execution - INFO - [Job 2a474f42] 2026-06-25 17:24:15 - base - INFO - Epoch 143/200 - Loss: 0.016350 - Acc: 10.35% - 4.94s
2026-06-25 19:24:16 - execution - INFO - [Job 2a474f42] 2026-06-25 17:24:16 - base - INFO - Checkpoint saved at epoch 143
2026-06-25 19:24:16 - execution - INFO - [Job 2a474f42] 2026-06-25 17:24:16 - base - INFO - Epoch 144/200 - starting
2026-06-25 19:24:20 - execution - INFO - [Job 2a474f42] 2026-06-25 17:24:20 - base - INFO - Epoch 144/200 - Loss: 0.023835 - Acc: 9.18% - 4.88s
2026-06-25 19:24:21 - execution - INFO - [Job 2a474f42] 2026-06-25 17:24:21 - base - INFO - Checkpoint saved at epoch 144
2026-06-25 19:24:21 - execution - INFO - [Job 2a474f42] 2026-06-25 17:24:21 - base - INFO - Epoch 145/200 - starting
2026-06-25 19:24:26 - execution - INFO - [Job 2a474f42] 2026-06-25 17:24:26 - base - INFO - Epoch 145/200 - Loss: 0.026970 - Acc: 12.50% - 4.90s
2026-06-25 19:24:26 - execution - INFO - [Job 2a474f42] 2026-06-25 17:24:26 - base - INFO - Checkpoint saved at epoch 145
2026-06-25 19:24:26 - execution - INFO - [Job 2a474f42] 2026-06-25 17:24:26 - base - INFO - Epoch 146/200 - starting
2026-06-25 19:24:31 - execution - INFO - [Job 2a474f42] 2026-06-25 17:24:31 - base - INFO - Epoch 146/200 - Loss: 0.030848 - Acc: 12.11% - 4.98s
2026-06-25 19:24:31 - execution - INFO - [Job 2a474f42] 2026-06-25 17:24:31 - base - INFO - Checkpoint saved at epoch 146
2026-06-25 19:24:31 - execution - INFO - [Job 2a474f42] 2026-06-25 17:24:31 - base - INFO - Epoch 147/200 - starting
2026-06-25 19:24:36 - execution - INFO - [Job 2a474f42] 2026-06-25 17:24:36 - base - INFO - Epoch 147/200 - Loss: 0.029242 - Acc: 9.77% - 4.91s
2026-06-25 19:24:36 - execution - INFO - [Job 2a474f42] 2026-06-25 17:24:36 - base - INFO - Checkpoint saved at epoch 147
2026-06-25 19:24:36 - execution - INFO - [Job 2a474f42] 2026-06-25 17:24:36 - base - INFO - Epoch 148/200 - starting
2026-06-25 19:24:41 - execution - INFO - [Job 2a474f42] 2026-06-25 17:24:41 - base - INFO - Epoch 148/200 - Loss: 0.043344 - Acc: 11.91% - 4.92s
2026-06-25 19:24:42 - execution - INFO - [Job 2a474f42] 2026-06-25 17:24:42 - base - INFO - Checkpoint saved at epoch 148
2026-06-25 19:24:42 - execution - INFO - [Job 2a474f42] 2026-06-25 17:24:42 - base - INFO - Epoch 149/200 - starting
2026-06-25 19:24:46 - execution - INFO - [Job 2a474f42] 2026-06-25 17:24:46 - base - INFO - Epoch 149/200 - Loss: 0.034408 - Acc: 9.77% - 4.93s
2026-06-25 19:24:47 - execution - INFO - [Job 2a474f42] 2026-06-25 17:24:47 - base - INFO - Checkpoint saved at epoch 149
2026-06-25 19:24:47 - execution - INFO - [Job 2a474f42] 2026-06-25 17:24:47 - base - INFO - Epoch 150/200 - starting
2026-06-25 19:24:52 - execution - INFO - [Job 2a474f42] 2026-06-25 17:24:52 - base - INFO - Epoch 150/200 - Loss: 0.037875 - Acc: 9.77% - 4.97s
2026-06-25 19:24:52 - execution - INFO - [Job 2a474f42] 2026-06-25 17:24:52 - base - INFO - Checkpoint saved at epoch 150
2026-06-25 19:24:52 - execution - INFO - [Job 2a474f42] 2026-06-25 17:24:52 - base - INFO - Epoch 151/200 - starting
2026-06-25 19:24:57 - execution - INFO - [Job 2a474f42] 2026-06-25 17:24:57 - base - INFO - Epoch 151/200 - Loss: 0.034940 - Acc: 9.96% - 4.91s
2026-06-25 19:24:57 - execution - INFO - [Job 2a474f42] 2026-06-25 17:24:57 - base - INFO - Checkpoint saved at epoch 151
2026-06-25 19:24:57 - execution - INFO - [Job 2a474f42] 2026-06-25 17:24:57 - base - INFO - Epoch 152/200 - starting
2026-06-25 19:25:02 - execution - INFO - [Job 2a474f42] 2026-06-25 17:25:02 - base - INFO - Epoch 152/200 - Loss: 0.029472 - Acc: 10.35% - 4.95s
2026-06-25 19:25:02 - execution - INFO - [Job 2a474f42] 2026-06-25 17:25:02 - base - INFO - Checkpoint saved at epoch 152
2026-06-25 19:25:02 - execution - INFO - [Job 2a474f42] 2026-06-25 17:25:02 - base - INFO - Epoch 153/200 - starting
2026-06-25 19:25:07 - execution - INFO - [Job 2a474f42] 2026-06-25 17:25:07 - base - INFO - Epoch 153/200 - Loss: 0.028969 - Acc: 10.35% - 4.91s
2026-06-25 19:25:08 - execution - INFO - [Job 2a474f42] 2026-06-25 17:25:08 - base - INFO - Checkpoint saved at epoch 153
2026-06-25 19:25:08 - execution - INFO - [Job 2a474f42] 2026-06-25 17:25:08 - base - INFO - Epoch 154/200 - starting
2026-06-25 19:25:12 - execution - INFO - [Job 2a474f42] 2026-06-25 17:25:12 - base - INFO - Epoch 154/200 - Loss: 0.014804 - Acc: 9.96% - 4.92s
2026-06-25 19:25:13 - execution - INFO - [Job 2a474f42] 2026-06-25 17:25:13 - base - INFO - Checkpoint saved at epoch 154
2026-06-25 19:25:13 - execution - INFO - [Job 2a474f42] 2026-06-25 17:25:13 - base - INFO - Epoch 155/200 - starting
2026-06-25 19:25:18 - execution - INFO - [Job 2a474f42] 2026-06-25 17:25:18 - base - INFO - Epoch 155/200 - Loss: 0.017505 - Acc: 8.40% - 4.94s
2026-06-25 19:25:18 - execution - INFO - [Job 2a474f42] 2026-06-25 17:25:18 - base - INFO - Checkpoint saved at epoch 155
2026-06-25 19:25:18 - execution - INFO - [Job 2a474f42] 2026-06-25 17:25:18 - base - INFO - Epoch 156/200 - starting
2026-06-25 19:25:23 - execution - INFO - [Job 2a474f42] 2026-06-25 17:25:23 - base - INFO - Epoch 156/200 - Loss: 0.019282 - Acc: 10.94% - 4.95s
2026-06-25 19:25:23 - execution - INFO - [Job 2a474f42] 2026-06-25 17:25:23 - base - INFO - Checkpoint saved at epoch 156
2026-06-25 19:25:23 - execution - INFO - [Job 2a474f42] 2026-06-25 17:25:23 - base - INFO - Epoch 157/200 - starting
2026-06-25 19:25:28 - execution - INFO - [Job 2a474f42] 2026-06-25 17:25:28 - base - INFO - Epoch 157/200 - Loss: 0.017377 - Acc: 8.20% - 4.95s
2026-06-25 19:25:28 - execution - INFO - [Job 2a474f42] 2026-06-25 17:25:28 - base - INFO - Checkpoint saved at epoch 157
2026-06-25 19:25:28 - execution - INFO - [Job 2a474f42] 2026-06-25 17:25:28 - base - INFO - Epoch 158/200 - starting
2026-06-25 19:25:33 - execution - INFO - [Job 2a474f42] 2026-06-25 17:25:33 - base - INFO - Epoch 158/200 - Loss: 0.014303 - Acc: 12.50% - 4.99s
2026-06-25 19:25:34 - execution - INFO - [Job 2a474f42] 2026-06-25 17:25:34 - base - INFO - Checkpoint saved at epoch 158
2026-06-25 19:25:34 - execution - INFO - [Job 2a474f42] 2026-06-25 17:25:34 - base - INFO - Epoch 159/200 - starting
2026-06-25 19:25:39 - execution - INFO - [Job 2a474f42] 2026-06-25 17:25:39 - base - INFO - Epoch 159/200 - Loss: 0.009270 - Acc: 9.38% - 4.87s
2026-06-25 19:25:39 - execution - INFO - [Job 2a474f42] 2026-06-25 17:25:39 - base - INFO - Checkpoint saved at epoch 159
2026-06-25 19:25:39 - execution - INFO - [Job 2a474f42] 2026-06-25 17:25:39 - base - INFO - Epoch 160/200 - starting
2026-06-25 19:25:44 - execution - INFO - [Job 2a474f42] 2026-06-25 17:25:44 - base - INFO - Epoch 160/200 - Loss: 0.006270 - Acc: 11.52% - 4.90s
2026-06-25 19:25:44 - execution - INFO - [Job 2a474f42] 2026-06-25 17:25:44 - base - INFO - Checkpoint saved at epoch 160
2026-06-25 19:25:44 - execution - INFO - [Job 2a474f42] 2026-06-25 17:25:44 - base - INFO - Epoch 161/200 - starting
2026-06-25 19:25:49 - execution - INFO - [Job 2a474f42] 2026-06-25 17:25:49 - base - INFO - Epoch 161/200 - Loss: 0.013924 - Acc: 11.33% - 4.95s
2026-06-25 19:25:49 - execution - INFO - [Job 2a474f42] 2026-06-25 17:25:49 - base - INFO - Checkpoint saved at epoch 161
2026-06-25 19:25:49 - execution - INFO - [Job 2a474f42] 2026-06-25 17:25:49 - base - INFO - Epoch 162/200 - starting
2026-06-25 19:25:54 - execution - INFO - [Job 2a474f42] 2026-06-25 17:25:54 - base - INFO - Epoch 162/200 - Loss: 0.014173 - Acc: 12.70% - 4.97s
2026-06-25 19:25:54 - execution - INFO - [Job 2a474f42] 2026-06-25 17:25:54 - base - INFO - Checkpoint saved at epoch 162
2026-06-25 19:25:54 - execution - INFO - [Job 2a474f42] 2026-06-25 17:25:54 - base - INFO - Epoch 163/200 - starting
2026-06-25 19:25:59 - execution - INFO - [Job 2a474f42] 2026-06-25 17:25:59 - base - INFO - Epoch 163/200 - Loss: 0.034979 - Acc: 8.20% - 4.61s
2026-06-25 19:25:59 - execution - INFO - [Job 2a474f42] 2026-06-25 17:25:59 - base - INFO - Checkpoint saved at epoch 163
2026-06-25 19:25:59 - execution - INFO - [Job 2a474f42] 2026-06-25 17:25:59 - base - INFO - Epoch 164/200 - starting
2026-06-25 19:26:04 - execution - INFO - [Job 2a474f42] 2026-06-25 17:26:04 - base - INFO - Epoch 164/200 - Loss: 0.043705 - Acc: 13.67% - 4.51s
2026-06-25 19:26:04 - execution - INFO - [Job 2a474f42] 2026-06-25 17:26:04 - base - INFO - Checkpoint saved at epoch 164
2026-06-25 19:26:04 - execution - INFO - [Job 2a474f42] 2026-06-25 17:26:04 - base - INFO - Epoch 165/200 - starting
2026-06-25 19:26:08 - execution - INFO - [Job 2a474f42] 2026-06-25 17:26:08 - base - INFO - Epoch 165/200 - Loss: 0.062892 - Acc: 8.79% - 4.52s
2026-06-25 19:26:08 - execution - INFO - [Job 2a474f42] 2026-06-25 17:26:08 - base - INFO - Checkpoint saved at epoch 165
2026-06-25 19:26:08 - execution - INFO - [Job 2a474f42] 2026-06-25 17:26:08 - base - INFO - Epoch 166/200 - starting
2026-06-25 19:26:13 - execution - INFO - [Job 2a474f42] 2026-06-25 17:26:13 - base - INFO - Epoch 166/200 - Loss: 0.044578 - Acc: 12.50% - 4.50s
2026-06-25 19:26:13 - execution - INFO - [Job 2a474f42] 2026-06-25 17:26:13 - base - INFO - Checkpoint saved at epoch 166
2026-06-25 19:26:13 - execution - INFO - [Job 2a474f42] 2026-06-25 17:26:13 - base - INFO - Epoch 167/200 - starting
2026-06-25 19:26:18 - execution - INFO - [Job 2a474f42] 2026-06-25 17:26:18 - base - INFO - Epoch 167/200 - Loss: 0.031885 - Acc: 8.20% - 4.65s
2026-06-25 19:26:18 - execution - INFO - [Job 2a474f42] 2026-06-25 17:26:18 - base - INFO - Checkpoint saved at epoch 167
2026-06-25 19:26:18 - execution - INFO - [Job 2a474f42] 2026-06-25 17:26:18 - base - INFO - Epoch 168/200 - starting
2026-06-25 19:26:22 - execution - INFO - [Job 2a474f42] 2026-06-25 17:26:22 - base - INFO - Epoch 168/200 - Loss: 0.020515 - Acc: 12.30% - 4.61s
2026-06-25 19:26:22 - execution - INFO - [Job 2a474f42] 2026-06-25 17:26:22 - base - INFO - Checkpoint saved at epoch 168
2026-06-25 19:26:22 - execution - INFO - [Job 2a474f42] 2026-06-25 17:26:22 - base - INFO - Epoch 169/200 - starting
2026-06-25 19:26:27 - execution - INFO - [Job 2a474f42] 2026-06-25 17:26:27 - base - INFO - Epoch 169/200 - Loss: 0.016162 - Acc: 10.94% - 4.62s
2026-06-25 19:26:27 - execution - INFO - [Job 2a474f42] 2026-06-25 17:26:27 - base - INFO - Checkpoint saved at epoch 169
2026-06-25 19:26:27 - execution - INFO - [Job 2a474f42] 2026-06-25 17:26:27 - base - INFO - Epoch 170/200 - starting
2026-06-25 19:26:32 - execution - INFO - [Job 2a474f42] 2026-06-25 17:26:32 - base - INFO - Epoch 170/200 - Loss: 0.013732 - Acc: 11.52% - 4.73s
2026-06-25 19:26:32 - execution - INFO - [Job 2a474f42] 2026-06-25 17:26:32 - base - INFO - Checkpoint saved at epoch 170
2026-06-25 19:26:32 - execution - INFO - [Job 2a474f42] 2026-06-25 17:26:32 - base - INFO - Epoch 171/200 - starting
2026-06-25 19:26:37 - execution - INFO - [Job 2a474f42] 2026-06-25 17:26:37 - base - INFO - Epoch 171/200 - Loss: 0.023585 - Acc: 11.52% - 4.96s
2026-06-25 19:26:37 - execution - INFO - [Job 2a474f42] 2026-06-25 17:26:37 - base - INFO - Checkpoint saved at epoch 171
2026-06-25 19:26:37 - execution - INFO - [Job 2a474f42] 2026-06-25 17:26:37 - base - INFO - Epoch 172/200 - starting
2026-06-25 19:26:42 - execution - INFO - [Job 2a474f42] 2026-06-25 17:26:42 - base - INFO - Epoch 172/200 - Loss: 0.017561 - Acc: 10.35% - 5.00s
2026-06-25 19:26:43 - execution - INFO - [Job 2a474f42] 2026-06-25 17:26:43 - base - INFO - Checkpoint saved at epoch 172
2026-06-25 19:26:43 - execution - INFO - [Job 2a474f42] 2026-06-25 17:26:43 - base - INFO - Epoch 173/200 - starting
2026-06-25 19:26:48 - execution - INFO - [Job 2a474f42] 2026-06-25 17:26:48 - base - INFO - Epoch 173/200 - Loss: 0.028595 - Acc: 9.77% - 5.06s
2026-06-25 19:26:48 - execution - INFO - [Job 2a474f42] 2026-06-25 17:26:48 - base - INFO - Checkpoint saved at epoch 173
2026-06-25 19:26:48 - execution - INFO - [Job 2a474f42] 2026-06-25 17:26:48 - base - INFO - Epoch 174/200 - starting
2026-06-25 19:26:53 - execution - INFO - [Job 2a474f42] 2026-06-25 17:26:53 - base - INFO - Epoch 174/200 - Loss: 0.021927 - Acc: 7.62% - 5.15s
2026-06-25 19:26:53 - execution - INFO - [Job 2a474f42] 2026-06-25 17:26:53 - base - INFO - Checkpoint saved at epoch 174
2026-06-25 19:26:53 - execution - INFO - [Job 2a474f42] 2026-06-25 17:26:53 - base - INFO - Epoch 175/200 - starting
2026-06-25 19:26:59 - execution - INFO - [Job 2a474f42] 2026-06-25 17:26:59 - base - INFO - Epoch 175/200 - Loss: 0.022797 - Acc: 9.96% - 5.21s
2026-06-25 19:26:59 - execution - INFO - [Job 2a474f42] 2026-06-25 17:26:59 - base - INFO - Checkpoint saved at epoch 175
2026-06-25 19:26:59 - execution - INFO - [Job 2a474f42] 2026-06-25 17:26:59 - base - INFO - Epoch 176/200 - starting
2026-06-25 19:27:04 - execution - INFO - [Job 2a474f42] 2026-06-25 17:27:04 - base - INFO - Epoch 176/200 - Loss: 0.026404 - Acc: 11.13% - 5.25s
2026-06-25 19:27:04 - execution - INFO - [Job 2a474f42] 2026-06-25 17:27:04 - base - INFO - Checkpoint saved at epoch 176
2026-06-25 19:27:04 - execution - INFO - [Job 2a474f42] 2026-06-25 17:27:04 - base - INFO - Epoch 177/200 - starting
2026-06-25 19:27:09 - execution - INFO - [Job 2a474f42] 2026-06-25 17:27:09 - base - INFO - Epoch 177/200 - Loss: 0.015864 - Acc: 8.98% - 5.27s
2026-06-25 19:27:10 - execution - INFO - [Job 2a474f42] 2026-06-25 17:27:10 - base - INFO - Checkpoint saved at epoch 177
2026-06-25 19:27:10 - execution - INFO - [Job 2a474f42] 2026-06-25 17:27:10 - base - INFO - Epoch 178/200 - starting
2026-06-25 19:27:15 - execution - INFO - [Job 2a474f42] 2026-06-25 17:27:15 - base - INFO - Epoch 178/200 - Loss: 0.018607 - Acc: 12.11% - 5.28s
2026-06-25 19:27:15 - execution - INFO - [Job 2a474f42] 2026-06-25 17:27:15 - base - INFO - Checkpoint saved at epoch 178
2026-06-25 19:27:15 - execution - INFO - [Job 2a474f42] 2026-06-25 17:27:15 - base - INFO - Epoch 179/200 - starting
2026-06-25 19:27:20 - execution - INFO - [Job 2a474f42] 2026-06-25 17:27:20 - base - INFO - Epoch 179/200 - Loss: 0.026444 - Acc: 9.57% - 5.08s
2026-06-25 19:27:20 - execution - INFO - [Job 2a474f42] 2026-06-25 17:27:20 - base - INFO - Checkpoint saved at epoch 179
2026-06-25 19:27:20 - execution - INFO - [Job 2a474f42] 2026-06-25 17:27:20 - base - INFO - Epoch 180/200 - starting
2026-06-25 19:27:26 - execution - INFO - [Job 2a474f42] 2026-06-25 17:27:26 - base - INFO - Epoch 180/200 - Loss: 0.033723 - Acc: 11.33% - 5.30s
2026-06-25 19:27:26 - execution - INFO - [Job 2a474f42] 2026-06-25 17:27:26 - base - INFO - Checkpoint saved at epoch 180
2026-06-25 19:27:26 - execution - INFO - [Job 2a474f42] 2026-06-25 17:27:26 - base - INFO - Epoch 181/200 - starting
2026-06-25 19:27:31 - execution - INFO - [Job 2a474f42] 2026-06-25 17:27:31 - base - INFO - Epoch 181/200 - Loss: 0.023663 - Acc: 9.18% - 5.15s
2026-06-25 19:27:31 - execution - INFO - [Job 2a474f42] 2026-06-25 17:27:31 - base - INFO - Checkpoint saved at epoch 181
2026-06-25 19:27:31 - execution - INFO - [Job 2a474f42] 2026-06-25 17:27:31 - base - INFO - Epoch 182/200 - starting
2026-06-25 19:27:37 - execution - INFO - [Job 2a474f42] 2026-06-25 17:27:37 - base - INFO - Epoch 182/200 - Loss: 0.026934 - Acc: 10.16% - 5.20s
2026-06-25 19:27:37 - execution - INFO - [Job 2a474f42] 2026-06-25 17:27:37 - base - INFO - Checkpoint saved at epoch 182
2026-06-25 19:27:37 - execution - INFO - [Job 2a474f42] 2026-06-25 17:27:37 - base - INFO - Epoch 183/200 - starting
2026-06-25 19:27:42 - execution - INFO - [Job 2a474f42] 2026-06-25 17:27:42 - base - INFO - Epoch 183/200 - Loss: 0.027319 - Acc: 10.94% - 5.18s
2026-06-25 19:27:42 - execution - INFO - [Job 2a474f42] 2026-06-25 17:27:42 - base - INFO - Checkpoint saved at epoch 183
2026-06-25 19:27:42 - execution - INFO - [Job 2a474f42] 2026-06-25 17:27:42 - base - INFO - Epoch 184/200 - starting
2026-06-25 19:27:48 - execution - INFO - [Job 2a474f42] 2026-06-25 17:27:48 - base - INFO - Epoch 184/200 - Loss: 0.020721 - Acc: 10.16% - 5.29s
2026-06-25 19:27:48 - execution - INFO - [Job 2a474f42] 2026-06-25 17:27:48 - base - INFO - Checkpoint saved at epoch 184
2026-06-25 19:27:48 - execution - INFO - [Job 2a474f42] 2026-06-25 17:27:48 - base - INFO - Epoch 185/200 - starting
2026-06-25 19:27:53 - execution - INFO - [Job 2a474f42] 2026-06-25 17:27:53 - base - INFO - Epoch 185/200 - Loss: 0.018513 - Acc: 11.52% - 5.29s
2026-06-25 19:27:53 - execution - INFO - [Job 2a474f42] 2026-06-25 17:27:53 - base - INFO - Checkpoint saved at epoch 185
2026-06-25 19:27:53 - execution - INFO - [Job 2a474f42] 2026-06-25 17:27:53 - base - INFO - Epoch 186/200 - starting
2026-06-25 19:27:58 - execution - INFO - [Job 2a474f42] 2026-06-25 17:27:58 - base - INFO - Epoch 186/200 - Loss: 0.011464 - Acc: 12.30% - 5.09s
2026-06-25 19:27:59 - execution - INFO - [Job 2a474f42] 2026-06-25 17:27:59 - base - INFO - Checkpoint saved at epoch 186
2026-06-25 19:27:59 - execution - INFO - [Job 2a474f42] 2026-06-25 17:27:59 - base - INFO - Epoch 187/200 - starting
2026-06-25 19:28:04 - execution - INFO - [Job 2a474f42] 2026-06-25 17:28:04 - base - INFO - Epoch 187/200 - Loss: 0.021418 - Acc: 11.91% - 5.22s
2026-06-25 19:28:04 - execution - INFO - [Job 2a474f42] 2026-06-25 17:28:04 - base - INFO - Checkpoint saved at epoch 187
2026-06-25 19:28:04 - execution - INFO - [Job 2a474f42] 2026-06-25 17:28:04 - base - INFO - Epoch 188/200 - starting
2026-06-25 19:28:09 - execution - INFO - [Job 2a474f42] 2026-06-25 17:28:09 - base - INFO - Epoch 188/200 - Loss: 0.017060 - Acc: 8.98% - 5.24s
2026-06-25 19:28:10 - execution - INFO - [Job 2a474f42] 2026-06-25 17:28:10 - base - INFO - Checkpoint saved at epoch 188
2026-06-25 19:28:10 - execution - INFO - [Job 2a474f42] 2026-06-25 17:28:10 - base - INFO - Epoch 189/200 - starting
2026-06-25 19:28:15 - execution - INFO - [Job 2a474f42] 2026-06-25 17:28:15 - base - INFO - Epoch 189/200 - Loss: 0.018775 - Acc: 12.11% - 5.16s
2026-06-25 19:28:15 - execution - INFO - [Job 2a474f42] 2026-06-25 17:28:15 - base - INFO - Checkpoint saved at epoch 189
2026-06-25 19:28:15 - execution - INFO - [Job 2a474f42] 2026-06-25 17:28:15 - base - INFO - Epoch 190/200 - starting
2026-06-25 19:28:20 - execution - INFO - [Job 2a474f42] 2026-06-25 17:28:20 - base - INFO - Epoch 190/200 - Loss: 0.024344 - Acc: 9.57% - 5.29s
2026-06-25 19:28:20 - execution - INFO - [Job 2a474f42] 2026-06-25 17:28:20 - base - INFO - Checkpoint saved at epoch 190
2026-06-25 19:28:20 - execution - INFO - [Job 2a474f42] 2026-06-25 17:28:20 - base - INFO - Epoch 191/200 - starting
2026-06-25 19:28:26 - execution - INFO - [Job 2a474f42] 2026-06-25 17:28:26 - base - INFO - Epoch 191/200 - Loss: 0.021309 - Acc: 9.38% - 5.27s
2026-06-25 19:28:26 - execution - INFO - [Job 2a474f42] 2026-06-25 17:28:26 - base - INFO - Checkpoint saved at epoch 191
2026-06-25 19:28:26 - execution - INFO - [Job 2a474f42] 2026-06-25 17:28:26 - base - INFO - Epoch 192/200 - starting
2026-06-25 19:28:31 - execution - INFO - [Job 2a474f42] 2026-06-25 17:28:31 - base - INFO - Epoch 192/200 - Loss: 0.023674 - Acc: 11.13% - 5.23s
2026-06-25 19:28:31 - execution - INFO - [Job 2a474f42] 2026-06-25 17:28:31 - base - INFO - Checkpoint saved at epoch 192
2026-06-25 19:28:31 - execution - INFO - [Job 2a474f42] 2026-06-25 17:28:31 - base - INFO - Epoch 193/200 - starting
2026-06-25 19:28:37 - execution - INFO - [Job 2a474f42] 2026-06-25 17:28:37 - base - INFO - Epoch 193/200 - Loss: 0.013991 - Acc: 10.16% - 5.19s
2026-06-25 19:28:37 - execution - INFO - [Job 2a474f42] 2026-06-25 17:28:37 - base - INFO - Checkpoint saved at epoch 193
2026-06-25 19:28:37 - execution - INFO - [Job 2a474f42] 2026-06-25 17:28:37 - base - INFO - Epoch 194/200 - starting
2026-06-25 19:28:42 - execution - INFO - [Job 2a474f42] 2026-06-25 17:28:42 - base - INFO - Epoch 194/200 - Loss: 0.010546 - Acc: 10.55% - 5.30s
2026-06-25 19:28:42 - execution - INFO - [Job 2a474f42] 2026-06-25 17:28:42 - base - INFO - Checkpoint saved at epoch 194
2026-06-25 19:28:42 - execution - INFO - [Job 2a474f42] 2026-06-25 17:28:42 - base - INFO - Epoch 195/200 - starting
2026-06-25 19:28:48 - execution - INFO - [Job 2a474f42] 2026-06-25 17:28:48 - base - INFO - Epoch 195/200 - Loss: 0.015666 - Acc: 8.98% - 5.23s
2026-06-25 19:28:48 - execution - INFO - [Job 2a474f42] 2026-06-25 17:28:48 - base - INFO - Checkpoint saved at epoch 195
2026-06-25 19:28:48 - execution - INFO - [Job 2a474f42] 2026-06-25 17:28:48 - base - INFO - Epoch 196/200 - starting
2026-06-25 19:28:53 - execution - INFO - [Job 2a474f42] 2026-06-25 17:28:53 - base - INFO - Epoch 196/200 - Loss: 0.030565 - Acc: 10.35% - 5.10s
2026-06-25 19:28:53 - execution - INFO - [Job 2a474f42] 2026-06-25 17:28:53 - base - INFO - Checkpoint saved at epoch 196
2026-06-25 19:28:53 - execution - INFO - [Job 2a474f42] 2026-06-25 17:28:53 - base - INFO - Epoch 197/200 - starting
2026-06-25 19:28:58 - execution - INFO - [Job 2a474f42] 2026-06-25 17:28:58 - base - INFO - Epoch 197/200 - Loss: 0.031856 - Acc: 11.13% - 5.22s
2026-06-25 19:28:58 - execution - INFO - [Job 2a474f42] 2026-06-25 17:28:58 - base - INFO - Checkpoint saved at epoch 197
2026-06-25 19:28:58 - execution - INFO - [Job 2a474f42] 2026-06-25 17:28:58 - base - INFO - Epoch 198/200 - starting
2026-06-25 19:29:04 - execution - INFO - [Job 2a474f42] 2026-06-25 17:29:04 - base - INFO - Epoch 198/200 - Loss: 0.040999 - Acc: 11.91% - 5.17s
2026-06-25 19:29:04 - execution - INFO - [Job 2a474f42] 2026-06-25 17:29:04 - base - INFO - Checkpoint saved at epoch 198
2026-06-25 19:29:04 - execution - INFO - [Job 2a474f42] 2026-06-25 17:29:04 - base - INFO - Epoch 199/200 - starting
2026-06-25 19:29:09 - execution - INFO - [Job 2a474f42] 2026-06-25 17:29:09 - base - INFO - Epoch 199/200 - Loss: 0.026550 - Acc: 12.70% - 5.22s
2026-06-25 19:29:09 - execution - INFO - [Job 2a474f42] 2026-06-25 17:29:09 - base - INFO - Checkpoint saved at epoch 199
2026-06-25 19:29:09 - execution - INFO - [Job 2a474f42] 2026-06-25 17:29:09 - base - INFO - Epoch 200/200 - starting
2026-06-25 19:29:15 - execution - INFO - [Job 2a474f42] 2026-06-25 17:29:15 - base - INFO - Epoch 200/200 - Loss: 0.025959 - Acc: 9.77% - 5.21s
2026-06-25 19:29:15 - execution - INFO - [Job 2a474f42] 2026-06-25 17:29:15 - base - INFO - Checkpoint saved at epoch 200
2026-06-25 19:29:15 - execution - INFO - [Job 2a474f42] 2026-06-25 17:29:15 - base - INFO - Training completed! Final epoch: 200
2026-06-25 19:29:21 - execution - INFO - Job 2a474f42 completed successfully
2026-06-25 19:29:22 - execution - INFO - GPU allocator: job 2a474f42 releases indices [0, 1]
INFO:     131.175.15.40:34144 - "GET /health HTTP/1.1" 200 OK
